Mon Jun  8 17:59:13 2026
+-------------------------------------------------------------------------------+
| PPU-SMI 1.22          Driver Version: 1.4.1-816bc0  HGGC Version: 13.0        |
+---------------------------------+----------------------+----------------------+
| PPU  Name        Persistence M. | Bus-Id               | Volatile Uncorr. ECC |
| Fan  Temp  Perf   Pwr:Usage/Cap | Memory-Usage         | PPU-Util  Compute M. |
|                                 |                      |               MIG M. |
+=================================+======================+======================+
| 0  PPU-ZW810E        N/A        | 00000000:05:00.0     |                    0 |
| N/A  32C   N/A       69W / 400W | 2MiB / 97920MiB      |   0%        Default  |
|                                 |                      |             Disabled |
+---------------------------------+----------------------+----------------------+
| 1  PPU-ZW810E        N/A        | 00000000:06:00.0     |                    0 |
| N/A  30C   N/A       67W / 400W | 2MiB / 97920MiB      |   0%        Default  |
|                                 |                      |             Disabled |
+---------------------------------+----------------------+----------------------+
| 2  PPU-ZW810E        N/A        | 00000000:0B:00.0     |                    0 |
| N/A  29C   N/A       72W / 400W | 2MiB / 97920MiB      |   0%        Default  |
|                                 |                      |             Disabled |
+---------------------------------+----------------------+----------------------+
| 3  PPU-ZW810E        N/A        | 00000000:0C:00.0     |                    0 |
| N/A  30C   N/A       73W / 400W | 2MiB / 97920MiB      |   0%        Default  |
|                                 |                      |             Disabled |
+---------------------------------+----------------------+----------------------+

+-------------------------------------------------------------------------------+
| Processes:                                                                    |
| PPU    GI   CI   PID      Type  Process name                       PPU Memory |
|        ID   ID                                                     Usage      |
+===============================================================================+
| No running processes found                                                    |
+-------------------------------------------------------------------------------+
W0608 17:59:14.806000 87937 site-packages/torch/distributed/run.py:803] 
W0608 17:59:14.806000 87937 site-packages/torch/distributed/run.py:803] *****************************************
W0608 17:59:14.806000 87937 site-packages/torch/distributed/run.py:803] Setting OMP_NUM_THREADS environment variable for each process to be 1 in default, to avoid your system being overloaded, please further tune the variable for optimal performance in your application as needed. 
W0608 17:59:14.806000 87937 site-packages/torch/distributed/run.py:803] *****************************************
WARNING:root:
            [33m
            _fbgemm_torch_compat_table has no entry for v1.4.0 of FBGEMM;
            cannot determine compatibility with PyTorch 2.9.0+ali.10.ppu2.0.0.cu129
            [0m
            
WARNING:root:
            [33m
            _fbgemm_torch_compat_table has no entry for v1.4.0 of FBGEMM;
            cannot determine compatibility with PyTorch 2.9.0+ali.10.ppu2.0.0.cu129
            [0m
            
WARNING:root:
            [33m
            _fbgemm_torch_compat_table has no entry for v1.4.0 of FBGEMM;
            cannot determine compatibility with PyTorch 2.9.0+ali.10.ppu2.0.0.cu129
            [0m
            
WARNING:root:
            [33m
            _fbgemm_torch_compat_table has no entry for v1.4.0 of FBGEMM;
            cannot determine compatibility with PyTorch 2.9.0+ali.10.ppu2.0.0.cu129
            [0m
            
WARNING:root:
            [33m
            _fbgemm_torch_compat_table has no entry for v1.4.0 of FBGEMM;
            cannot determine compatibility with PyTorch 2.9.0+ali.10.ppu2.0.0.cu129
            [0m
            
WARNING:root:
            [33m
            _fbgemm_torch_compat_table has no entry for v1.4.0 of FBGEMM;
            cannot determine compatibility with PyTorch 2.9.0+ali.10.ppu2.0.0.cu129
            [0m
            
WARNING:root:
            [33m
            _fbgemm_torch_compat_table has no entry for v1.4.0 of FBGEMM;
            cannot determine compatibility with PyTorch 2.9.0+ali.10.ppu2.0.0.cu129
            [0m
            
WARNING:root:
            [33m
            _fbgemm_torch_compat_table has no entry for v1.4.0 of FBGEMM;
            cannot determine compatibility with PyTorch 2.9.0+ali.10.ppu2.0.0.cu129
            [0m
            
WARNING:root:
            [33m
            _fbgemm_torch_compat_table has no entry for v1.4.0 of FBGEMM;
            cannot determine compatibility with PyTorch 2.9.0+ali.10.ppu2.0.0.cu129
            [0m
            
WARNING:root:
            [33m
            _fbgemm_torch_compat_table has no entry for v1.4.0 of FBGEMM;
            cannot determine compatibility with PyTorch 2.9.0+ali.10.ppu2.0.0.cu129
            [0m
            
WARNING:root:
            [33m
            _fbgemm_torch_compat_table has no entry for v1.4.0 of FBGEMM;
            cannot determine compatibility with PyTorch 2.9.0+ali.10.ppu2.0.0.cu129
            [0m
            
WARNING:root:
            [33m
            _fbgemm_torch_compat_table has no entry for v1.4.0 of FBGEMM;
            cannot determine compatibility with PyTorch 2.9.0+ali.10.ppu2.0.0.cu129
            [0m
            
WARNING:root:
            [33m
            _fbgemm_torch_compat_table has no entry for v1.4.0 of FBGEMM;
            cannot determine compatibility with PyTorch 2.9.0+ali.10.ppu2.0.0.cu129
            [0m
            
WARNING:root:
            [33m
            _fbgemm_torch_compat_table has no entry for v1.4.0 of FBGEMM;
            cannot determine compatibility with PyTorch 2.9.0+ali.10.ppu2.0.0.cu129
            [0m
            
WARNING:root:
            [33m
            _fbgemm_torch_compat_table has no entry for v1.4.0 of FBGEMM;
            cannot determine compatibility with PyTorch 2.9.0+ali.10.ppu2.0.0.cu129
            [0m
            
WARNING:root:
            [33m
            _fbgemm_torch_compat_table has no entry for v1.4.0 of FBGEMM;
            cannot determine compatibility with PyTorch 2.9.0+ali.10.ppu2.0.0.cu129
            [0m
            
WARNING:root:
            [33m
            _fbgemm_torch_compat_table has no entry for v1.4.0 of FBGEMM;
            cannot determine compatibility with PyTorch 2.9.0+ali.10.ppu2.0.0.cu129
            [0m
            
WARNING:root:
            [33m
            _fbgemm_torch_compat_table has no entry for v1.4.0 of FBGEMM;
            cannot determine compatibility with PyTorch 2.9.0+ali.10.ppu2.0.0.cu129
            [0m
            
WARNING:root:
            [33m
            _fbgemm_torch_compat_table has no entry for v1.4.0 of FBGEMM;
            cannot determine compatibility with PyTorch 2.9.0+ali.10.ppu2.0.0.cu129
            [0m
            
WARNING:root:
            [33m
            _fbgemm_torch_compat_table has no entry for v1.4.0 of FBGEMM;
            cannot determine compatibility with PyTorch 2.9.0+ali.10.ppu2.0.0.cu129
            [0m
            
WARNING:root:
            [33m
            _fbgemm_torch_compat_table has no entry for v1.4.0 of FBGEMM;
            cannot determine compatibility with PyTorch 2.9.0+ali.10.ppu2.0.0.cu129
            [0m
            
WARNING:root:
            [33m
            _fbgemm_torch_compat_table has no entry for v1.4.0 of FBGEMM;
            cannot determine compatibility with PyTorch 2.9.0+ali.10.ppu2.0.0.cu129
            [0m
            
WARNING:root:
            [33m
            _fbgemm_torch_compat_table has no entry for v1.4.0 of FBGEMM;
            cannot determine compatibility with PyTorch 2.9.0+ali.10.ppu2.0.0.cu129
            [0m
            
WARNING:root:
            [33m
            _fbgemm_torch_compat_table has no entry for v1.4.0 of FBGEMM;
            cannot determine compatibility with PyTorch 2.9.0+ali.10.ppu2.0.0.cu129
            [0m
            
WARNING:root:
            [33m
            _fbgemm_torch_compat_table has no entry for v1.4.0 of FBGEMM;
            cannot determine compatibility with PyTorch 2.9.0+ali.10.ppu2.0.0.cu129
            [0m
            
WARNING:root:
            [33m
            _fbgemm_torch_compat_table has no entry for v1.4.0 of FBGEMM;
            cannot determine compatibility with PyTorch 2.9.0+ali.10.ppu2.0.0.cu129
            [0m
            
WARNING:root:
            [33m
            _fbgemm_torch_compat_table has no entry for v1.4.0 of FBGEMM;
            cannot determine compatibility with PyTorch 2.9.0+ali.10.ppu2.0.0.cu129
            [0m
            
WARNING:root:
            [33m
            _fbgemm_torch_compat_table has no entry for v1.4.0 of FBGEMM;
            cannot determine compatibility with PyTorch 2.9.0+ali.10.ppu2.0.0.cu129
            [0m
            
WARNING:root:
            [33m
            _fbgemm_torch_compat_table has no entry for v1.4.0 of FBGEMM;
            cannot determine compatibility with PyTorch 2.9.0+ali.10.ppu2.0.0.cu129
            [0m
            
WARNING:root:
            [33m
            _fbgemm_torch_compat_table has no entry for v1.4.0 of FBGEMM;
            cannot determine compatibility with PyTorch 2.9.0+ali.10.ppu2.0.0.cu129
            [0m
            
WARNING:root:
            [33m
            _fbgemm_torch_compat_table has no entry for v1.4.0 of FBGEMM;
            cannot determine compatibility with PyTorch 2.9.0+ali.10.ppu2.0.0.cu129
            [0m
            
WARNING:root:
            [33m
            _fbgemm_torch_compat_table has no entry for v1.4.0 of FBGEMM;
            cannot determine compatibility with PyTorch 2.9.0+ali.10.ppu2.0.0.cu129
            [0m
            
WARNING:root:
            [33m
            _fbgemm_torch_compat_table has no entry for v1.4.0 of FBGEMM;
            cannot determine compatibility with PyTorch 2.9.0+ali.10.ppu2.0.0.cu129
            [0m
            
WARNING:root:
            [33m
            _fbgemm_torch_compat_table has no entry for v1.4.0 of FBGEMM;
            cannot determine compatibility with PyTorch 2.9.0+ali.10.ppu2.0.0.cu129
            [0m
            
WARNING:root:
            [33m
            _fbgemm_torch_compat_table has no entry for v1.4.0 of FBGEMM;
            cannot determine compatibility with PyTorch 2.9.0+ali.10.ppu2.0.0.cu129
            [0m
            
WARNING:root:
            [33m
            _fbgemm_torch_compat_table has no entry for v1.4.0 of FBGEMM;
            cannot determine compatibility with PyTorch 2.9.0+ali.10.ppu2.0.0.cu129
            [0m
            
WARNING:root:
            [33m
            _fbgemm_torch_compat_table has no entry for v1.4.0 of FBGEMM;
            cannot determine compatibility with PyTorch 2.9.0+ali.10.ppu2.0.0.cu129
            [0m
            
WARNING:root:
            [33m
            _fbgemm_torch_compat_table has no entry for v1.4.0 of FBGEMM;
            cannot determine compatibility with PyTorch 2.9.0+ali.10.ppu2.0.0.cu129
            [0m
            
WARNING:root:
            [33m
            _fbgemm_torch_compat_table has no entry for v1.4.0 of FBGEMM;
            cannot determine compatibility with PyTorch 2.9.0+ali.10.ppu2.0.0.cu129
            [0m
            
WARNING:root:
            [33m
            _fbgemm_torch_compat_table has no entry for v1.4.0 of FBGEMM;
            cannot determine compatibility with PyTorch 2.9.0+ali.10.ppu2.0.0.cu129
            [0m
            
WARNING:root:
            [33m
            _fbgemm_torch_compat_table has no entry for v1.4.0 of FBGEMM;
            cannot determine compatibility with PyTorch 2.9.0+ali.10.ppu2.0.0.cu129
            [0m
            
WARNING:root:
            [33m
            _fbgemm_torch_compat_table has no entry for v1.4.0 of FBGEMM;
            cannot determine compatibility with PyTorch 2.9.0+ali.10.ppu2.0.0.cu129
            [0m
            
WARNING:root:
            [33m
            _fbgemm_torch_compat_table has no entry for v1.4.0 of FBGEMM;
            cannot determine compatibility with PyTorch 2.9.0+ali.10.ppu2.0.0.cu129
            [0m
            
WARNING:root:
            [33m
            _fbgemm_torch_compat_table has no entry for v1.4.0 of FBGEMM;
            cannot determine compatibility with PyTorch 2.9.0+ali.10.ppu2.0.0.cu129
            [0m
            
WARNING:root:
            [33m
            _fbgemm_torch_compat_table has no entry for v1.4.0 of FBGEMM;
            cannot determine compatibility with PyTorch 2.9.0+ali.10.ppu2.0.0.cu129
            [0m
            
WARNING:root:
            [33m
            _fbgemm_torch_compat_table has no entry for v1.4.0 of FBGEMM;
            cannot determine compatibility with PyTorch 2.9.0+ali.10.ppu2.0.0.cu129
            [0m
            
WARNING:root:
            [33m
            _fbgemm_torch_compat_table has no entry for v1.4.0 of FBGEMM;
            cannot determine compatibility with PyTorch 2.9.0+ali.10.ppu2.0.0.cu129
            [0m
            
WARNING:root:
            [33m
            _fbgemm_torch_compat_table has no entry for v1.4.0 of FBGEMM;
            cannot determine compatibility with PyTorch 2.9.0+ali.10.ppu2.0.0.cu129
            [0m
            
WARNING:root:
            [33m
            _fbgemm_torch_compat_table has no entry for v1.4.0 of FBGEMM;
            cannot determine compatibility with PyTorch 2.9.0+ali.10.ppu2.0.0.cu129
            [0m
            
WARNING:root:
            [33m
            _fbgemm_torch_compat_table has no entry for v1.4.0 of FBGEMM;
            cannot determine compatibility with PyTorch 2.9.0+ali.10.ppu2.0.0.cu129
            [0m
            
WARNING:root:
            [33m
            _fbgemm_torch_compat_table has no entry for v1.4.0 of FBGEMM;
            cannot determine compatibility with PyTorch 2.9.0+ali.10.ppu2.0.0.cu129
            [0m
            
WARNING:root:
            [33m
            _fbgemm_torch_compat_table has no entry for v1.4.0 of FBGEMM;
            cannot determine compatibility with PyTorch 2.9.0+ali.10.ppu2.0.0.cu129
            [0m
            
WARNING: temporarily disabled some autotune configs for CUDA 12.8+
WARNING: temporarily disabled some autotune configs for CUDA 12.8+
WARNING: temporarily disabled some autotune configs for CUDA 12.8+
WARNING: temporarily disabled some autotune configs for CUDA 12.8+
model-performance-4ppu-7bd6d74d45-2wfsr accl-lite version: v1.1.159.gd143c23
model-performance-4ppu-7bd6d74d45-2wfsr accl-lite version: v1.1.159.gd143c23
model-performance-4ppu-7bd6d74d45-2wfsr accl-lite version: v1.1.159.gd143c23
model-performance-4ppu-7bd6d74d45-2wfsr accl-lite version: v1.1.159.gd143c23
[Gloo] Rank 0 is connected to 3 peer ranks. Expected number of connected peer ranks is : 3
[Gloo] Rank 1 is connected to 3 peer ranks. Expected number of connected peer ranks is : 3
[Gloo] Rank [Gloo] Rank 2 is connected to 3 peer ranks. 3Expected number of connected peer ranks is :  is connected to 33 peer ranks. 
Expected number of connected peer ranks is : 3
[Gloo] Rank 0 is connected to 3 peer ranks. Expected number of connected peer ranks is : 3
[Gloo] Rank 1 is connected to 3 peer ranks. Expected number of connected peer ranks is : 3
[Gloo] Rank 3 is connected to 3 peer ranks. Expected number of connected peer ranks is : 3
[Gloo] Rank 2 is connected to 3 peer ranks. Expected number of connected peer ranks is : 3
[Gloo] Rank [Gloo] Rank 2 is connected to 13 is connected to  peer ranks. 3Expected number of connected peer ranks is :  peer ranks. 3Expected number of connected peer ranks is : 
3
[Gloo] Rank 0 is connected to 3 peer ranks. Expected number of connected peer ranks is : 3
[Gloo] Rank 3 is connected to 3 peer ranks. Expected number of connected peer ranks is : 3
[06/08/26 17:59:28] INFO     distributed env initialization done. Free cuda memory: 97137.11 MB                                                                                                                                                 
[rank2]:W0608 17:59:28.272000 87989 site-packages/torch/fx/_symbolic_trace.py:52] is_fx_tracing will return true for both fx.symbolic_trace and torch.export. Please use is_fx_tracing_symbolic_tracing() for specifically fx.symbolic_trace or torch.compiler.is_compiling() for specifically torch.export/compile.
[rank0]:W0608 17:59:28.274000 87987 site-packages/torch/fx/_symbolic_trace.py:52] is_fx_tracing will return true for both fx.symbolic_trace and torch.export. Please use is_fx_tracing_symbolic_tracing() for specifically fx.symbolic_trace or torch.compiler.is_compiling() for specifically torch.export/compile.
[rank3]:W0608 17:59:28.293000 87990 site-packages/torch/fx/_symbolic_trace.py:52] is_fx_tracing will return true for both fx.symbolic_trace and torch.export. Please use is_fx_tracing_symbolic_tracing() for specifically fx.symbolic_trace or torch.compiler.is_compiling() for specifically torch.export/compile.
[rank1]:W0608 17:59:28.294000 87988 site-packages/torch/fx/_symbolic_trace.py:52] is_fx_tracing will return true for both fx.symbolic_trace and torch.export. Please use is_fx_tracing_symbolic_tracing() for specifically fx.symbolic_trace or torch.compiler.is_compiling() for specifically torch.export/compile.
WARNING:megatron.core.tensor_parallel.random:CPU RNG state changed within GPU RNG context
WARNING:megatron.core.tensor_parallel.random:CPU RNG state changed within GPU RNG context
WARNING:megatron.core.tensor_parallel.random:CPU RNG state changed within GPU RNG context
WARNING:megatron.core.tensor_parallel.random:CPU RNG state changed within GPU RNG context
[rank2]:[W608 17:59:54.462271087 TCPStore.cpp:125] [c10d] recvValue failed on SocketImpl(fd=10, addr=[model-performance-4ppu-7bd6d74d45-2wfsr]:40464, remote=[model-performance-4ppu-7bd6d74d45-2wfsr]:37405): Failed to recv, got 0 bytes. Connection was likely closed. Did the remote server shutdown or crash?
Exception raised from recvBytes at /pytorch/torch/csrc/distributed/c10d/Utils.hpp:697 (most recent call first):
frame #0: c10::Error::Error(c10::SourceLocation, std::__cxx11::basic_string<char, std::char_traits<char>, std::allocator<char> >) + 0x94 (0x7f3f64fe0814 in /opt/ac2/lib/python3.12/site-packages/torch/lib/libc10.so)
frame #1: <unknown function> + 0x677d445 (0x7f3fa3ced445 in /opt/ac2/lib/python3.12/site-packages/torch/lib/libtorch_cpu.so)
frame #2: <unknown function> + 0x677e7a2 (0x7f3fa3cee7a2 in /opt/ac2/lib/python3.12/site-packages/torch/lib/libtorch_cpu.so)
frame #3: <unknown function> + 0x677f4f1 (0x7f3fa3cef4f1 in /opt/ac2/lib/python3.12/site-packages/torch/lib/libtorch_cpu.so)
frame #4: c10d::TCPStore::check(std::vector<std::__cxx11::basic_string<char, std::char_traits<char>, std::allocator<char> >, std::allocator<std::__cxx11::basic_string<char, std::char_traits<char>, std::allocator<char> > > > const&) + 0x32e (0x7f3fa3ce9b6e in /opt/ac2/lib/python3.12/site-packages/torch/lib/libtorch_cpu.so)
frame #5: c10d::ProcessGroupNCCL::HeartbeatMonitor::runLoop() + 0x3e6 (0x7f3f6667cb76 in /opt/ac2/lib/python3.12/site-packages/torch/lib/libtorch_cuda.so)
frame #6: <unknown function> + 0xecdb4 (0x7f3fb4ef6db4 in /lib/x86_64-linux-gnu/libstdc++.so.6)
frame #7: <unknown function> + 0x9caa4 (0x7f3fb689caa4 in /lib/x86_64-linux-gnu/libc.so.6)
frame #8: <unknown function> + 0x129c6c (0x7f3fb6929c6c in /lib/x86_64-linux-gnu/libc.so.6)

[rank2]:[W608 17:59:54.466629390 ProcessGroupNCCL.cpp:1775] [PG ID 0 PG GUID 0(default_pg) Rank 2] Failed to check the "should dump" flag on TCPStore, (maybe TCPStore server has shut down too early), with error: Failed to recv, got 0 bytes. Connection was likely closed. Did the remote server shutdown or crash?
[rank1]:[W608 17:59:54.465388263 TCPStore.cpp:125] [c10d] recvValue failed on SocketImpl(fd=10, addr=[model-performance-4ppu-7bd6d74d45-2wfsr]:40474, remote=[model-performance-4ppu-7bd6d74d45-2wfsr]:37405): Failed to recv, got 0 bytes. Connection was likely closed. Did the remote server shutdown or crash?
Exception raised from recvBytes at /pytorch/torch/csrc/distributed/c10d/Utils.hpp:697 (most recent call first):
frame #0: c10::Error::Error(c10::SourceLocation, std::__cxx11::basic_string<char, std::char_traits<char>, std::allocator<char> >) + 0x94 (0x7f638566a814 in /opt/ac2/lib/python3.12/site-packages/torch/lib/libc10.so)
frame #1: <unknown function> + 0x677d445 (0x7f63c4377445 in /opt/ac2/lib/python3.12/site-packages/torch/lib/libtorch_cpu.so)
frame #2: <unknown function> + 0x677e7a2 (0x7f63c43787a2 in /opt/ac2/lib/python3.12/site-packages/torch/lib/libtorch_cpu.so)
frame #3: <unknown function> + 0x677f4f1 (0x7f63c43794f1 in /opt/ac2/lib/python3.12/site-packages/torch/lib/libtorch_cpu.so)
frame #4: c10d::TCPStore::check(std::vector<std::__cxx11::basic_string<char, std::char_traits<char>, std::allocator<char> >, std::allocator<std::__cxx11::basic_string<char, std::char_traits<char>, std::allocator<char> > > > const&) + 0x32e (0x7f63c4373b6e in /opt/ac2/lib/python3.12/site-packages/torch/lib/libtorch_cpu.so)
frame #5: c10d::ProcessGroupNCCL::HeartbeatMonitor::runLoop() + 0x3e6 (0x7f6386d06b76 in /opt/ac2/lib/python3.12/site-packages/torch/lib/libtorch_cuda.so)
frame #6: <unknown function> + 0xecdb4 (0x7f63d5580db4 in /lib/x86_64-linux-gnu/libstdc++.so.6)
frame #7: <unknown function> + 0x9caa4 (0x7f63d6e9caa4 in /lib/x86_64-linux-gnu/libc.so.6)
frame #8: <unknown function> + 0x129c6c (0x7f63d6f29c6c in /lib/x86_64-linux-gnu/libc.so.6)

[rank1]:[W608 17:59:54.468804288 ProcessGroupNCCL.cpp:1775] [PG ID 0 PG GUID 0(default_pg) Rank 1] Failed to check the "should dump" flag on TCPStore, (maybe TCPStore server has shut down too early), with error: Failed to recv, got 0 bytes. Connection was likely closed. Did the remote server shutdown or crash?
[rank3]:[W608 17:59:54.465975807 TCPStore.cpp:125] [c10d] recvValue failed on SocketImpl(fd=10, addr=[model-performance-4ppu-7bd6d74d45-2wfsr]:40482, remote=[model-performance-4ppu-7bd6d74d45-2wfsr]:37405): Failed to recv, got 0 bytes. Connection was likely closed. Did the remote server shutdown or crash?
Exception raised from recvBytes at /pytorch/torch/csrc/distributed/c10d/Utils.hpp:697 (most recent call first):
frame #0: c10::Error::Error(c10::SourceLocation, std::__cxx11::basic_string<char, std::char_traits<char>, std::allocator<char> >) + 0x94 (0x7f60828aa814 in /opt/ac2/lib/python3.12/site-packages/torch/lib/libc10.so)
frame #1: <unknown function> + 0x677d445 (0x7f60c15b7445 in /opt/ac2/lib/python3.12/site-packages/torch/lib/libtorch_cpu.so)
frame #2: <unknown function> + 0x677e7a2 (0x7f60c15b87a2 in /opt/ac2/lib/python3.12/site-packages/torch/lib/libtorch_cpu.so)
frame #3: <unknown function> + 0x677f4f1 (0x7f60c15b94f1 in /opt/ac2/lib/python3.12/site-packages/torch/lib/libtorch_cpu.so)
frame #4: c10d::TCPStore::check(std::vector<std::__cxx11::basic_string<char, std::char_traits<char>, std::allocator<char> >, std::allocator<std::__cxx11::basic_string<char, std::char_traits<char>, std::allocator<char> > > > const&) + 0x32e (0x7f60c15b3b6e in /opt/ac2/lib/python3.12/site-packages/torch/lib/libtorch_cpu.so)
frame #5: c10d::ProcessGroupNCCL::HeartbeatMonitor::runLoop() + 0x3e6 (0x7f6083f46b76 in /opt/ac2/lib/python3.12/site-packages/torch/lib/libtorch_cuda.so)
frame #6: <unknown function> + 0xecdb4 (0x7f60d27c0db4 in /lib/x86_64-linux-gnu/libstdc++.so.6)
frame #7: <unknown function> + 0x9caa4 (0x7f60d409caa4 in /lib/x86_64-linux-gnu/libc.so.6)
frame #8: <unknown function> + 0x129c6c (0x7f60d4129c6c in /lib/x86_64-linux-gnu/libc.so.6)

[rank3]:[W608 17:59:54.469302995 ProcessGroupNCCL.cpp:1775] [PG ID 0 PG GUID 0(default_pg) Rank 3] Failed to check the "should dump" flag on TCPStore, (maybe TCPStore server has shut down too early), with error: Failed to recv, got 0 bytes. Connection was likely closed. Did the remote server shutdown or crash?
[rank0]:[W608 17:59:54.506602067 TCPStore.cpp:125] [c10d] recvValue failed on SocketImpl(fd=10, addr=[model-performance-4ppu-7bd6d74d45-2wfsr]:40486, remote=[model-performance-4ppu-7bd6d74d45-2wfsr]:37405): Failed to recv, got 0 bytes. Connection was likely closed. Did the remote server shutdown or crash?
Exception raised from recvBytes at /pytorch/torch/csrc/distributed/c10d/Utils.hpp:697 (most recent call first):
frame #0: c10::Error::Error(c10::SourceLocation, std::__cxx11::basic_string<char, std::char_traits<char>, std::allocator<char> >) + 0x94 (0x7fc56e327814 in /opt/ac2/lib/python3.12/site-packages/torch/lib/libc10.so)
frame #1: <unknown function> + 0x677d445 (0x7fc5ad034445 in /opt/ac2/lib/python3.12/site-packages/torch/lib/libtorch_cpu.so)
frame #2: <unknown function> + 0x677e7a2 (0x7fc5ad0357a2 in /opt/ac2/lib/python3.12/site-packages/torch/lib/libtorch_cpu.so)
frame #3: <unknown function> + 0x677f4f1 (0x7fc5ad0364f1 in /opt/ac2/lib/python3.12/site-packages/torch/lib/libtorch_cpu.so)
frame #4: c10d::TCPStore::check(std::vector<std::__cxx11::basic_string<char, std::char_traits<char>, std::allocator<char> >, std::allocator<std::__cxx11::basic_string<char, std::char_traits<char>, std::allocator<char> > > > const&) + 0x32e (0x7fc5ad030b6e in /opt/ac2/lib/python3.12/site-packages/torch/lib/libtorch_cpu.so)
frame #5: c10d::ProcessGroupNCCL::HeartbeatMonitor::runLoop() + 0x3e6 (0x7fc56f9c3b76 in /opt/ac2/lib/python3.12/site-packages/torch/lib/libtorch_cuda.so)
frame #6: <unknown function> + 0xecdb4 (0x7fc5be23ddb4 in /lib/x86_64-linux-gnu/libstdc++.so.6)
frame #7: <unknown function> + 0x9caa4 (0x7fc5bfa9caa4 in /lib/x86_64-linux-gnu/libc.so.6)
frame #8: <unknown function> + 0x129c6c (0x7fc5bfb29c6c in /lib/x86_64-linux-gnu/libc.so.6)

[rank0]:[W608 17:59:54.509968755 ProcessGroupNCCL.cpp:1775] [PG ID 0 PG GUID 0(default_pg) Rank 0] Failed to check the "should dump" flag on TCPStore, (maybe TCPStore server has shut down too early), with error: Failed to recv, got 0 bytes. Connection was likely closed. Did the remote server shutdown or crash?
[rank2]:[W608 17:59:55.466739780 TCPStore.cpp:106] [c10d] sendBytes failed on SocketImpl(fd=10, addr=[model-performance-4ppu-7bd6d74d45-2wfsr]:40464, remote=[model-performance-4ppu-7bd6d74d45-2wfsr]:37405): Broken pipe
Exception raised from sendBytes at /pytorch/torch/csrc/distributed/c10d/Utils.hpp:668 (most recent call first):
frame #0: c10::Error::Error(c10::SourceLocation, std::__cxx11::basic_string<char, std::char_traits<char>, std::allocator<char> >) + 0x94 (0x7f3f64fe0814 in /opt/ac2/lib/python3.12/site-packages/torch/lib/libc10.so)
frame #1: <unknown function> + 0x677d445 (0x7f3fa3ced445 in /opt/ac2/lib/python3.12/site-packages/torch/lib/libtorch_cpu.so)
frame #2: <unknown function> + 0x677dcc4 (0x7f3fa3cedcc4 in /opt/ac2/lib/python3.12/site-packages/torch/lib/libtorch_cpu.so)
frame #3: <unknown function> + 0x677fa95 (0x7f3fa3cefa95 in /opt/ac2/lib/python3.12/site-packages/torch/lib/libtorch_cpu.so)
frame #4: c10d::TCPStore::check(std::vector<std::__cxx11::basic_string<char, std::char_traits<char>, std::allocator<char> >, std::allocator<std::__cxx11::basic_string<char, std::char_traits<char>, std::allocator<char> > > > const&) + 0x31e (0x7f3fa3ce9b5e in /opt/ac2/lib/python3.12/site-packages/torch/lib/libtorch_cpu.so)
frame #5: c10d::ProcessGroupNCCL::HeartbeatMonitor::runLoop() + 0x3e6 (0x7f3f6667cb76 in /opt/ac2/lib/python3.12/site-packages/torch/lib/libtorch_cuda.so)
frame #6: <unknown function> + 0xecdb4 (0x7f3fb4ef6db4 in /lib/x86_64-linux-gnu/libstdc++.so.6)
frame #7: <unknown function> + 0x9caa4 (0x7f3fb689caa4 in /lib/x86_64-linux-gnu/libc.so.6)
frame #8: <unknown function> + 0x129c6c (0x7f3fb6929c6c in /lib/x86_64-linux-gnu/libc.so.6)

[rank2]:[W608 17:59:55.470051151 ProcessGroupNCCL.cpp:1775] [PG ID 0 PG GUID 0(default_pg) Rank 2] Failed to check the "should dump" flag on TCPStore, (maybe TCPStore server has shut down too early), with error: Broken pipe
[rank1]:[W608 17:59:55.468920997 TCPStore.cpp:106] [c10d] sendBytes failed on SocketImpl(fd=10, addr=[model-performance-4ppu-7bd6d74d45-2wfsr]:40474, remote=[model-performance-4ppu-7bd6d74d45-2wfsr]:37405): Broken pipe
Exception raised from sendBytes at /pytorch/torch/csrc/distributed/c10d/Utils.hpp:668 (most recent call first):
frame #0: c10::Error::Error(c10::SourceLocation, std::__cxx11::basic_string<char, std::char_traits<char>, std::allocator<char> >) + 0x94 (0x7f638566a814 in /opt/ac2/lib/python3.12/site-packages/torch/lib/libc10.so)
frame #1: <unknown function> + 0x677d445 (0x7f63c4377445 in /opt/ac2/lib/python3.12/site-packages/torch/lib/libtorch_cpu.so)
frame #2: <unknown function> + 0x677dcc4 (0x7f63c4377cc4 in /opt/ac2/lib/python3.12/site-packages/torch/lib/libtorch_cpu.so)
frame #3: <unknown function> + 0x677fa95 (0x7f63c4379a95 in /opt/ac2/lib/python3.12/site-packages/torch/lib/libtorch_cpu.so)
frame #4: c10d::TCPStore::check(std::vector<std::__cxx11::basic_string<char, std::char_traits<char>, std::allocator<char> >, std::allocator<std::__cxx11::basic_string<char, std::char_traits<char>, std::allocator<char> > > > const&) + 0x31e (0x7f63c4373b5e in /opt/ac2/lib/python3.12/site-packages/torch/lib/libtorch_cpu.so)
frame #5: c10d::ProcessGroupNCCL::HeartbeatMonitor::runLoop() + 0x3e6 (0x7f6386d06b76 in /opt/ac2/lib/python3.12/site-packages/torch/lib/libtorch_cuda.so)
frame #6: <unknown function> + 0xecdb4 (0x7f63d5580db4 in /lib/x86_64-linux-gnu/libstdc++.so.6)
frame #7: <unknown function> + 0x9caa4 (0x7f63d6e9caa4 in /lib/x86_64-linux-gnu/libc.so.6)
frame #8: <unknown function> + 0x129c6c (0x7f63d6f29c6c in /lib/x86_64-linux-gnu/libc.so.6)

[rank1]:[W608 17:59:55.472199049 ProcessGroupNCCL.cpp:1775] [PG ID 0 PG GUID 0(default_pg) Rank 1] Failed to check the "should dump" flag on TCPStore, (maybe TCPStore server has shut down too early), with error: Broken pipe
[rank3]:[W608 17:59:55.469418141 TCPStore.cpp:106] [c10d] sendBytes failed on SocketImpl(fd=10, addr=[model-performance-4ppu-7bd6d74d45-2wfsr]:40482, remote=[model-performance-4ppu-7bd6d74d45-2wfsr]:37405): Broken pipe
Exception raised from sendBytes at /pytorch/torch/csrc/distributed/c10d/Utils.hpp:668 (most recent call first):
frame #0: c10::Error::Error(c10::SourceLocation, std::__cxx11::basic_string<char, std::char_traits<char>, std::allocator<char> >) + 0x94 (0x7f60828aa814 in /opt/ac2/lib/python3.12/site-packages/torch/lib/libc10.so)
frame #1: <unknown function> + 0x677d445 (0x7f60c15b7445 in /opt/ac2/lib/python3.12/site-packages/torch/lib/libtorch_cpu.so)
frame #2: <unknown function> + 0x677dcc4 (0x7f60c15b7cc4 in /opt/ac2/lib/python3.12/site-packages/torch/lib/libtorch_cpu.so)
frame #3: <unknown function> + 0x677fa95 (0x7f60c15b9a95 in /opt/ac2/lib/python3.12/site-packages/torch/lib/libtorch_cpu.so)
frame #4: c10d::TCPStore::check(std::vector<std::__cxx11::basic_string<char, std::char_traits<char>, std::allocator<char> >, std::allocator<std::__cxx11::basic_string<char, std::char_traits<char>, std::allocator<char> > > > const&) + 0x31e (0x7f60c15b3b5e in /opt/ac2/lib/python3.12/site-packages/torch/lib/libtorch_cpu.so)
frame #5: c10d::ProcessGroupNCCL::HeartbeatMonitor::runLoop() + 0x3e6 (0x7f6083f46b76 in /opt/ac2/lib/python3.12/site-packages/torch/lib/libtorch_cuda.so)
frame #6: <unknown function> + 0xecdb4 (0x7f60d27c0db4 in /lib/x86_64-linux-gnu/libstdc++.so.6)
frame #7: <unknown function> + 0x9caa4 (0x7f60d409caa4 in /lib/x86_64-linux-gnu/libc.so.6)
frame #8: <unknown function> + 0x129c6c (0x7f60d4129c6c in /lib/x86_64-linux-gnu/libc.so.6)

[rank3]:[W608 17:59:55.472704827 ProcessGroupNCCL.cpp:1775] [PG ID 0 PG GUID 0(default_pg) Rank 3] Failed to check the "should dump" flag on TCPStore, (maybe TCPStore server has shut down too early), with error: Broken pipe
[rank0]:[W608 17:59:55.510079299 TCPStore.cpp:106] [c10d] sendBytes failed on SocketImpl(fd=10, addr=[model-performance-4ppu-7bd6d74d45-2wfsr]:40486, remote=[model-performance-4ppu-7bd6d74d45-2wfsr]:37405): Broken pipe
Exception raised from sendBytes at /pytorch/torch/csrc/distributed/c10d/Utils.hpp:668 (most recent call first):
frame #0: c10::Error::Error(c10::SourceLocation, std::__cxx11::basic_string<char, std::char_traits<char>, std::allocator<char> >) + 0x94 (0x7fc56e327814 in /opt/ac2/lib/python3.12/site-packages/torch/lib/libc10.so)
frame #1: <unknown function> + 0x677d445 (0x7fc5ad034445 in /opt/ac2/lib/python3.12/site-packages/torch/lib/libtorch_cpu.so)
frame #2: <unknown function> + 0x677dcc4 (0x7fc5ad034cc4 in /opt/ac2/lib/python3.12/site-packages/torch/lib/libtorch_cpu.so)
frame #3: <unknown function> + 0x677fa95 (0x7fc5ad036a95 in /opt/ac2/lib/python3.12/site-packages/torch/lib/libtorch_cpu.so)
frame #4: c10d::TCPStore::check(std::vector<std::__cxx11::basic_string<char, std::char_traits<char>, std::allocator<char> >, std::allocator<std::__cxx11::basic_string<char, std::char_traits<char>, std::allocator<char> > > > const&) + 0x31e (0x7fc5ad030b5e in /opt/ac2/lib/python3.12/site-packages/torch/lib/libtorch_cpu.so)
frame #5: c10d::ProcessGroupNCCL::HeartbeatMonitor::runLoop() + 0x3e6 (0x7fc56f9c3b76 in /opt/ac2/lib/python3.12/site-packages/torch/lib/libtorch_cuda.so)
frame #6: <unknown function> + 0xecdb4 (0x7fc5be23ddb4 in /lib/x86_64-linux-gnu/libstdc++.so.6)
frame #7: <unknown function> + 0x9caa4 (0x7fc5bfa9caa4 in /lib/x86_64-linux-gnu/libc.so.6)
frame #8: <unknown function> + 0x129c6c (0x7fc5bfb29c6c in /lib/x86_64-linux-gnu/libc.so.6)

[rank0]:[W608 17:59:55.513393312 ProcessGroupNCCL.cpp:1775] [PG ID 0 PG GUID 0(default_pg) Rank 0] Failed to check the "should dump" flag on TCPStore, (maybe TCPStore server has shut down too early), with error: Broken pipe
[rank2]:[W608 17:59:56.470156960 TCPStore.cpp:106] [c10d] sendBytes failed on SocketImpl(fd=10, addr=[model-performance-4ppu-7bd6d74d45-2wfsr]:40464, remote=[model-performance-4ppu-7bd6d74d45-2wfsr]:37405): Broken pipe
Exception raised from sendBytes at /pytorch/torch/csrc/distributed/c10d/Utils.hpp:668 (most recent call first):
frame #0: c10::Error::Error(c10::SourceLocation, std::__cxx11::basic_string<char, std::char_traits<char>, std::allocator<char> >) + 0x94 (0x7f3f64fe0814 in /opt/ac2/lib/python3.12/site-packages/torch/lib/libc10.so)
frame #1: <unknown function> + 0x677d445 (0x7f3fa3ced445 in /opt/ac2/lib/python3.12/site-packages/torch/lib/libtorch_cpu.so)
frame #2: <unknown function> + 0x677dcc4 (0x7f3fa3cedcc4 in /opt/ac2/lib/python3.12/site-packages/torch/lib/libtorch_cpu.so)
frame #3: <unknown function> + 0x677fa95 (0x7f3fa3cefa95 in /opt/ac2/lib/python3.12/site-packages/torch/lib/libtorch_cpu.so)
frame #4: c10d::TCPStore::check(std::vector<std::__cxx11::basic_string<char, std::char_traits<char>, std::allocator<char> >, std::allocator<std::__cxx11::basic_string<char, std::char_traits<char>, std::allocator<char> > > > const&) + 0x31e (0x7f3fa3ce9b5e in /opt/ac2/lib/python3.12/site-packages/torch/lib/libtorch_cpu.so)
frame #5: c10d::ProcessGroupNCCL::HeartbeatMonitor::runLoop() + 0x3e6 (0x7f3f6667cb76 in /opt/ac2/lib/python3.12/site-packages/torch/lib/libtorch_cuda.so)
frame #6: <unknown function> + 0xecdb4 (0x7f3fb4ef6db4 in /lib/x86_64-linux-gnu/libstdc++.so.6)
frame #7: <unknown function> + 0x9caa4 (0x7f3fb689caa4 in /lib/x86_64-linux-gnu/libc.so.6)
frame #8: <unknown function> + 0x129c6c (0x7f3fb6929c6c in /lib/x86_64-linux-gnu/libc.so.6)

[rank2]:[W608 17:59:56.473486320 ProcessGroupNCCL.cpp:1775] [PG ID 0 PG GUID 0(default_pg) Rank 2] Failed to check the "should dump" flag on TCPStore, (maybe TCPStore server has shut down too early), with error: Broken pipe
[rank1]:[W608 17:59:56.472314866 TCPStore.cpp:106] [c10d] sendBytes failed on SocketImpl(fd=10, addr=[model-performance-4ppu-7bd6d74d45-2wfsr]:40474, remote=[model-performance-4ppu-7bd6d74d45-2wfsr]:37405): Broken pipe
Exception raised from sendBytes at /pytorch/torch/csrc/distributed/c10d/Utils.hpp:668 (most recent call first):
frame #0: c10::Error::Error(c10::SourceLocation, std::__cxx11::basic_string<char, std::char_traits<char>, std::allocator<char> >) + 0x94 (0x7f638566a814 in /opt/ac2/lib/python3.12/site-packages/torch/lib/libc10.so)
frame #1: <unknown function> + 0x677d445 (0x7f63c4377445 in /opt/ac2/lib/python3.12/site-packages/torch/lib/libtorch_cpu.so)
frame #2: <unknown function> + 0x677dcc4 (0x7f63c4377cc4 in /opt/ac2/lib/python3.12/site-packages/torch/lib/libtorch_cpu.so)
frame #3: <unknown function> + 0x677fa95 (0x7f63c4379a95 in /opt/ac2/lib/python3.12/site-packages/torch/lib/libtorch_cpu.so)
frame #4: c10d::TCPStore::check(std::vector<std::__cxx11::basic_string<char, std::char_traits<char>, std::allocator<char> >, std::allocator<std::__cxx11::basic_string<char, std::char_traits<char>, std::allocator<char> > > > const&) + 0x31e (0x7f63c4373b5e in /opt/ac2/lib/python3.12/site-packages/torch/lib/libtorch_cpu.so)
frame #5: c10d::ProcessGroupNCCL::HeartbeatMonitor::runLoop() + 0x3e6 (0x7f6386d06b76 in /opt/ac2/lib/python3.12/site-packages/torch/lib/libtorch_cuda.so)
frame #6: <unknown function> + 0xecdb4 (0x7f63d5580db4 in /lib/x86_64-linux-gnu/libstdc++.so.6)
frame #7: <unknown function> + 0x9caa4 (0x7f63d6e9caa4 in /lib/x86_64-linux-gnu/libc.so.6)
frame #8: <unknown function> + 0x129c6c (0x7f63d6f29c6c in /lib/x86_64-linux-gnu/libc.so.6)

[rank1]:[W608 17:59:56.475602484 ProcessGroupNCCL.cpp:1775] [PG ID 0 PG GUID 0(default_pg) Rank 1] Failed to check the "should dump" flag on TCPStore, (maybe TCPStore server has shut down too early), with error: Broken pipe
[rank3]:[W608 17:59:56.472822020 TCPStore.cpp:106] [c10d] sendBytes failed on SocketImpl(fd=10, addr=[model-performance-4ppu-7bd6d74d45-2wfsr]:40482, remote=[model-performance-4ppu-7bd6d74d45-2wfsr]:37405): Broken pipe
Exception raised from sendBytes at /pytorch/torch/csrc/distributed/c10d/Utils.hpp:668 (most recent call first):
frame #0: c10::Error::Error(c10::SourceLocation, std::__cxx11::basic_string<char, std::char_traits<char>, std::allocator<char> >) + 0x94 (0x7f60828aa814 in /opt/ac2/lib/python3.12/site-packages/torch/lib/libc10.so)
frame #1: <unknown function> + 0x677d445 (0x7f60c15b7445 in /opt/ac2/lib/python3.12/site-packages/torch/lib/libtorch_cpu.so)
frame #2: <unknown function> + 0x677dcc4 (0x7f60c15b7cc4 in /opt/ac2/lib/python3.12/site-packages/torch/lib/libtorch_cpu.so)
frame #3: <unknown function> + 0x677fa95 (0x7f60c15b9a95 in /opt/ac2/lib/python3.12/site-packages/torch/lib/libtorch_cpu.so)
frame #4: c10d::TCPStore::check(std::vector<std::__cxx11::basic_string<char, std::char_traits<char>, std::allocator<char> >, std::allocator<std::__cxx11::basic_string<char, std::char_traits<char>, std::allocator<char> > > > const&) + 0x31e (0x7f60c15b3b5e in /opt/ac2/lib/python3.12/site-packages/torch/lib/libtorch_cpu.so)
frame #5: c10d::ProcessGroupNCCL::HeartbeatMonitor::runLoop() + 0x3e6 (0x7f6083f46b76 in /opt/ac2/lib/python3.12/site-packages/torch/lib/libtorch_cuda.so)
frame #6: <unknown function> + 0xecdb4 (0x7f60d27c0db4 in /lib/x86_64-linux-gnu/libstdc++.so.6)
frame #7: <unknown function> + 0x9caa4 (0x7f60d409caa4 in /lib/x86_64-linux-gnu/libc.so.6)
frame #8: <unknown function> + 0x129c6c (0x7f60d4129c6c in /lib/x86_64-linux-gnu/libc.so.6)

[rank3]:[W608 17:59:56.476120379 ProcessGroupNCCL.cpp:1775] [PG ID 0 PG GUID 0(default_pg) Rank 3] Failed to check the "should dump" flag on TCPStore, (maybe TCPStore server has shut down too early), with error: Broken pipe
[rank0]:[W608 17:59:56.513504253 TCPStore.cpp:106] [c10d] sendBytes failed on SocketImpl(fd=10, addr=[model-performance-4ppu-7bd6d74d45-2wfsr]:40486, remote=[model-performance-4ppu-7bd6d74d45-2wfsr]:37405): Broken pipe
Exception raised from sendBytes at /pytorch/torch/csrc/distributed/c10d/Utils.hpp:668 (most recent call first):
frame #0: c10::Error::Error(c10::SourceLocation, std::__cxx11::basic_string<char, std::char_traits<char>, std::allocator<char> >) + 0x94 (0x7fc56e327814 in /opt/ac2/lib/python3.12/site-packages/torch/lib/libc10.so)
frame #1: <unknown function> + 0x677d445 (0x7fc5ad034445 in /opt/ac2/lib/python3.12/site-packages/torch/lib/libtorch_cpu.so)
frame #2: <unknown function> + 0x677dcc4 (0x7fc5ad034cc4 in /opt/ac2/lib/python3.12/site-packages/torch/lib/libtorch_cpu.so)
frame #3: <unknown function> + 0x677fa95 (0x7fc5ad036a95 in /opt/ac2/lib/python3.12/site-packages/torch/lib/libtorch_cpu.so)
frame #4: c10d::TCPStore::check(std::vector<std::__cxx11::basic_string<char, std::char_traits<char>, std::allocator<char> >, std::allocator<std::__cxx11::basic_string<char, std::char_traits<char>, std::allocator<char> > > > const&) + 0x31e (0x7fc5ad030b5e in /opt/ac2/lib/python3.12/site-packages/torch/lib/libtorch_cpu.so)
frame #5: c10d::ProcessGroupNCCL::HeartbeatMonitor::runLoop() + 0x3e6 (0x7fc56f9c3b76 in /opt/ac2/lib/python3.12/site-packages/torch/lib/libtorch_cuda.so)
frame #6: <unknown function> + 0xecdb4 (0x7fc5be23ddb4 in /lib/x86_64-linux-gnu/libstdc++.so.6)
frame #7: <unknown function> + 0x9caa4 (0x7fc5bfa9caa4 in /lib/x86_64-linux-gnu/libc.so.6)
frame #8: <unknown function> + 0x129c6c (0x7fc5bfb29c6c in /lib/x86_64-linux-gnu/libc.so.6)

[rank0]:[W608 17:59:56.516811071 ProcessGroupNCCL.cpp:1775] [PG ID 0 PG GUID 0(default_pg) Rank 0] Failed to check the "should dump" flag on TCPStore, (maybe TCPStore server has shut down too early), with error: Broken pipe
[rank2]:[W608 17:59:57.473587284 TCPStore.cpp:106] [c10d] sendBytes failed on SocketImpl(fd=10, addr=[model-performance-4ppu-7bd6d74d45-2wfsr]:40464, remote=[model-performance-4ppu-7bd6d74d45-2wfsr]:37405): Broken pipe
Exception raised from sendBytes at /pytorch/torch/csrc/distributed/c10d/Utils.hpp:668 (most recent call first):
frame #0: c10::Error::Error(c10::SourceLocation, std::__cxx11::basic_string<char, std::char_traits<char>, std::allocator<char> >) + 0x94 (0x7f3f64fe0814 in /opt/ac2/lib/python3.12/site-packages/torch/lib/libc10.so)
frame #1: <unknown function> + 0x677d445 (0x7f3fa3ced445 in /opt/ac2/lib/python3.12/site-packages/torch/lib/libtorch_cpu.so)
frame #2: <unknown function> + 0x677dcc4 (0x7f3fa3cedcc4 in /opt/ac2/lib/python3.12/site-packages/torch/lib/libtorch_cpu.so)
frame #3: <unknown function> + 0x677fa95 (0x7f3fa3cefa95 in /opt/ac2/lib/python3.12/site-packages/torch/lib/libtorch_cpu.so)
frame #4: c10d::TCPStore::check(std::vector<std::__cxx11::basic_string<char, std::char_traits<char>, std::allocator<char> >, std::allocator<std::__cxx11::basic_string<char, std::char_traits<char>, std::allocator<char> > > > const&) + 0x31e (0x7f3fa3ce9b5e in /opt/ac2/lib/python3.12/site-packages/torch/lib/libtorch_cpu.so)
frame #5: c10d::ProcessGroupNCCL::HeartbeatMonitor::runLoop() + 0x3e6 (0x7f3f6667cb76 in /opt/ac2/lib/python3.12/site-packages/torch/lib/libtorch_cuda.so)
frame #6: <unknown function> + 0xecdb4 (0x7f3fb4ef6db4 in /lib/x86_64-linux-gnu/libstdc++.so.6)
frame #7: <unknown function> + 0x9caa4 (0x7f3fb689caa4 in /lib/x86_64-linux-gnu/libc.so.6)
frame #8: <unknown function> + 0x129c6c (0x7f3fb6929c6c in /lib/x86_64-linux-gnu/libc.so.6)

[rank2]:[W608 17:59:57.476880312 ProcessGroupNCCL.cpp:1775] [PG ID 0 PG GUID 0(default_pg) Rank 2] Failed to check the "should dump" flag on TCPStore, (maybe TCPStore server has shut down too early), with error: Broken pipe
[rank1]:[W608 17:59:57.475713527 TCPStore.cpp:106] [c10d] sendBytes failed on SocketImpl(fd=10, addr=[model-performance-4ppu-7bd6d74d45-2wfsr]:40474, remote=[model-performance-4ppu-7bd6d74d45-2wfsr]:37405): Broken pipe
Exception raised from sendBytes at /pytorch/torch/csrc/distributed/c10d/Utils.hpp:668 (most recent call first):
frame #0: c10::Error::Error(c10::SourceLocation, std::__cxx11::basic_string<char, std::char_traits<char>, std::allocator<char> >) + 0x94 (0x7f638566a814 in /opt/ac2/lib/python3.12/site-packages/torch/lib/libc10.so)
frame #1: <unknown function> + 0x677d445 (0x7f63c4377445 in /opt/ac2/lib/python3.12/site-packages/torch/lib/libtorch_cpu.so)
frame #2: <unknown function> + 0x677dcc4 (0x7f63c4377cc4 in /opt/ac2/lib/python3.12/site-packages/torch/lib/libtorch_cpu.so)
frame #3: <unknown function> + 0x677fa95 (0x7f63c4379a95 in /opt/ac2/lib/python3.12/site-packages/torch/lib/libtorch_cpu.so)
frame #4: c10d::TCPStore::check(std::vector<std::__cxx11::basic_string<char, std::char_traits<char>, std::allocator<char> >, std::allocator<std::__cxx11::basic_string<char, std::char_traits<char>, std::allocator<char> > > > const&) + 0x31e (0x7f63c4373b5e in /opt/ac2/lib/python3.12/site-packages/torch/lib/libtorch_cpu.so)
frame #5: c10d::ProcessGroupNCCL::HeartbeatMonitor::runLoop() + 0x3e6 (0x7f6386d06b76 in /opt/ac2/lib/python3.12/site-packages/torch/lib/libtorch_cuda.so)
frame #6: <unknown function> + 0xecdb4 (0x7f63d5580db4 in /lib/x86_64-linux-gnu/libstdc++.so.6)
frame #7: <unknown function> + 0x9caa4 (0x7f63d6e9caa4 in /lib/x86_64-linux-gnu/libc.so.6)
frame #8: <unknown function> + 0x129c6c (0x7f63d6f29c6c in /lib/x86_64-linux-gnu/libc.so.6)

[rank1]:[W608 17:59:57.478976414 ProcessGroupNCCL.cpp:1775] [PG ID 0 PG GUID 0(default_pg) Rank 1] Failed to check the "should dump" flag on TCPStore, (maybe TCPStore server has shut down too early), with error: Broken pipe
[rank3]:[W608 17:59:57.476228196 TCPStore.cpp:106] [c10d] sendBytes failed on SocketImpl(fd=10, addr=[model-performance-4ppu-7bd6d74d45-2wfsr]:40482, remote=[model-performance-4ppu-7bd6d74d45-2wfsr]:37405): Broken pipe
Exception raised from sendBytes at /pytorch/torch/csrc/distributed/c10d/Utils.hpp:668 (most recent call first):
frame #0: c10::Error::Error(c10::SourceLocation, std::__cxx11::basic_string<char, std::char_traits<char>, std::allocator<char> >) + 0x94 (0x7f60828aa814 in /opt/ac2/lib/python3.12/site-packages/torch/lib/libc10.so)
frame #1: <unknown function> + 0x677d445 (0x7f60c15b7445 in /opt/ac2/lib/python3.12/site-packages/torch/lib/libtorch_cpu.so)
frame #2: <unknown function> + 0x677dcc4 (0x7f60c15b7cc4 in /opt/ac2/lib/python3.12/site-packages/torch/lib/libtorch_cpu.so)
frame #3: <unknown function> + 0x677fa95 (0x7f60c15b9a95 in /opt/ac2/lib/python3.12/site-packages/torch/lib/libtorch_cpu.so)
frame #4: c10d::TCPStore::check(std::vector<std::__cxx11::basic_string<char, std::char_traits<char>, std::allocator<char> >, std::allocator<std::__cxx11::basic_string<char, std::char_traits<char>, std::allocator<char> > > > const&) + 0x31e (0x7f60c15b3b5e in /opt/ac2/lib/python3.12/site-packages/torch/lib/libtorch_cpu.so)
frame #5: c10d::ProcessGroupNCCL::HeartbeatMonitor::runLoop() + 0x3e6 (0x7f6083f46b76 in /opt/ac2/lib/python3.12/site-packages/torch/lib/libtorch_cuda.so)
frame #6: <unknown function> + 0xecdb4 (0x7f60d27c0db4 in /lib/x86_64-linux-gnu/libstdc++.so.6)
frame #7: <unknown function> + 0x9caa4 (0x7f60d409caa4 in /lib/x86_64-linux-gnu/libc.so.6)
frame #8: <unknown function> + 0x129c6c (0x7f60d4129c6c in /lib/x86_64-linux-gnu/libc.so.6)

[rank3]:[W608 17:59:57.479513752 ProcessGroupNCCL.cpp:1775] [PG ID 0 PG GUID 0(default_pg) Rank 3] Failed to check the "should dump" flag on TCPStore, (maybe TCPStore server has shut down too early), with error: Broken pipe
[rank0]:[W608 17:59:57.516917123 TCPStore.cpp:106] [c10d] sendBytes failed on SocketImpl(fd=10, addr=[model-performance-4ppu-7bd6d74d45-2wfsr]:40486, remote=[model-performance-4ppu-7bd6d74d45-2wfsr]:37405): Broken pipe
Exception raised from sendBytes at /pytorch/torch/csrc/distributed/c10d/Utils.hpp:668 (most recent call first):
frame #0: c10::Error::Error(c10::SourceLocation, std::__cxx11::basic_string<char, std::char_traits<char>, std::allocator<char> >) + 0x94 (0x7fc56e327814 in /opt/ac2/lib/python3.12/site-packages/torch/lib/libc10.so)
frame #1: <unknown function> + 0x677d445 (0x7fc5ad034445 in /opt/ac2/lib/python3.12/site-packages/torch/lib/libtorch_cpu.so)
frame #2: <unknown function> + 0x677dcc4 (0x7fc5ad034cc4 in /opt/ac2/lib/python3.12/site-packages/torch/lib/libtorch_cpu.so)
frame #3: <unknown function> + 0x677fa95 (0x7fc5ad036a95 in /opt/ac2/lib/python3.12/site-packages/torch/lib/libtorch_cpu.so)
frame #4: c10d::TCPStore::check(std::vector<std::__cxx11::basic_string<char, std::char_traits<char>, std::allocator<char> >, std::allocator<std::__cxx11::basic_string<char, std::char_traits<char>, std::allocator<char> > > > const&) + 0x31e (0x7fc5ad030b5e in /opt/ac2/lib/python3.12/site-packages/torch/lib/libtorch_cpu.so)
frame #5: c10d::ProcessGroupNCCL::HeartbeatMonitor::runLoop() + 0x3e6 (0x7fc56f9c3b76 in /opt/ac2/lib/python3.12/site-packages/torch/lib/libtorch_cuda.so)
frame #6: <unknown function> + 0xecdb4 (0x7fc5be23ddb4 in /lib/x86_64-linux-gnu/libstdc++.so.6)
frame #7: <unknown function> + 0x9caa4 (0x7fc5bfa9caa4 in /lib/x86_64-linux-gnu/libc.so.6)
frame #8: <unknown function> + 0x129c6c (0x7fc5bfb29c6c in /lib/x86_64-linux-gnu/libc.so.6)

[rank0]:[W608 17:59:57.520219285 ProcessGroupNCCL.cpp:1775] [PG ID 0 PG GUID 0(default_pg) Rank 0] Failed to check the "should dump" flag on TCPStore, (maybe TCPStore server has shut down too early), with error: Broken pipe
[rank2]:[W608 17:59:58.476989535 TCPStore.cpp:106] [c10d] sendBytes failed on SocketImpl(fd=10, addr=[model-performance-4ppu-7bd6d74d45-2wfsr]:40464, remote=[model-performance-4ppu-7bd6d74d45-2wfsr]:37405): Broken pipe
Exception raised from sendBytes at /pytorch/torch/csrc/distributed/c10d/Utils.hpp:668 (most recent call first):
frame #0: c10::Error::Error(c10::SourceLocation, std::__cxx11::basic_string<char, std::char_traits<char>, std::allocator<char> >) + 0x94 (0x7f3f64fe0814 in /opt/ac2/lib/python3.12/site-packages/torch/lib/libc10.so)
frame #1: <unknown function> + 0x677d445 (0x7f3fa3ced445 in /opt/ac2/lib/python3.12/site-packages/torch/lib/libtorch_cpu.so)
frame #2: <unknown function> + 0x677dcc4 (0x7f3fa3cedcc4 in /opt/ac2/lib/python3.12/site-packages/torch/lib/libtorch_cpu.so)
frame #3: <unknown function> + 0x677fa95 (0x7f3fa3cefa95 in /opt/ac2/lib/python3.12/site-packages/torch/lib/libtorch_cpu.so)
frame #4: c10d::TCPStore::check(std::vector<std::__cxx11::basic_string<char, std::char_traits<char>, std::allocator<char> >, std::allocator<std::__cxx11::basic_string<char, std::char_traits<char>, std::allocator<char> > > > const&) + 0x31e (0x7f3fa3ce9b5e in /opt/ac2/lib/python3.12/site-packages/torch/lib/libtorch_cpu.so)
frame #5: c10d::ProcessGroupNCCL::HeartbeatMonitor::runLoop() + 0x3e6 (0x7f3f6667cb76 in /opt/ac2/lib/python3.12/site-packages/torch/lib/libtorch_cuda.so)
frame #6: <unknown function> + 0xecdb4 (0x7f3fb4ef6db4 in /lib/x86_64-linux-gnu/libstdc++.so.6)
frame #7: <unknown function> + 0x9caa4 (0x7f3fb689caa4 in /lib/x86_64-linux-gnu/libc.so.6)
frame #8: <unknown function> + 0x129c6c (0x7f3fb6929c6c in /lib/x86_64-linux-gnu/libc.so.6)

[rank2]:[W608 17:59:58.480302952 ProcessGroupNCCL.cpp:1775] [PG ID 0 PG GUID 0(default_pg) Rank 2] Failed to check the "should dump" flag on TCPStore, (maybe TCPStore server has shut down too early), with error: Broken pipe
[rank1]:[W608 17:59:58.479086527 TCPStore.cpp:106] [c10d] sendBytes failed on SocketImpl(fd=10, addr=[model-performance-4ppu-7bd6d74d45-2wfsr]:40474, remote=[model-performance-4ppu-7bd6d74d45-2wfsr]:37405): Broken pipe
Exception raised from sendBytes at /pytorch/torch/csrc/distributed/c10d/Utils.hpp:668 (most recent call first):
frame #0: c10::Error::Error(c10::SourceLocation, std::__cxx11::basic_string<char, std::char_traits<char>, std::allocator<char> >) + 0x94 (0x7f638566a814 in /opt/ac2/lib/python3.12/site-packages/torch/lib/libc10.so)
frame #1: <unknown function> + 0x677d445 (0x7f63c4377445 in /opt/ac2/lib/python3.12/site-packages/torch/lib/libtorch_cpu.so)
frame #2: <unknown function> + 0x677dcc4 (0x7f63c4377cc4 in /opt/ac2/lib/python3.12/site-packages/torch/lib/libtorch_cpu.so)
frame #3: <unknown function> + 0x677fa95 (0x7f63c4379a95 in /opt/ac2/lib/python3.12/site-packages/torch/lib/libtorch_cpu.so)
frame #4: c10d::TCPStore::check(std::vector<std::__cxx11::basic_string<char, std::char_traits<char>, std::allocator<char> >, std::allocator<std::__cxx11::basic_string<char, std::char_traits<char>, std::allocator<char> > > > const&) + 0x31e (0x7f63c4373b5e in /opt/ac2/lib/python3.12/site-packages/torch/lib/libtorch_cpu.so)
frame #5: c10d::ProcessGroupNCCL::HeartbeatMonitor::runLoop() + 0x3e6 (0x7f6386d06b76 in /opt/ac2/lib/python3.12/site-packages/torch/lib/libtorch_cuda.so)
frame #6: <unknown function> + 0xecdb4 (0x7f63d5580db4 in /lib/x86_64-linux-gnu/libstdc++.so.6)
frame #7: <unknown function> + 0x9caa4 (0x7f63d6e9caa4 in /lib/x86_64-linux-gnu/libc.so.6)
frame #8: <unknown function> + 0x129c6c (0x7f63d6f29c6c in /lib/x86_64-linux-gnu/libc.so.6)

[rank1]:[W608 17:59:58.482390689 ProcessGroupNCCL.cpp:1775] [PG ID 0 PG GUID 0(default_pg) Rank 1] Failed to check the "should dump" flag on TCPStore, (maybe TCPStore server has shut down too early), with error: Broken pipe
[rank3]:[W608 17:59:58.479618233 TCPStore.cpp:106] [c10d] sendBytes failed on SocketImpl(fd=10, addr=[model-performance-4ppu-7bd6d74d45-2wfsr]:40482, remote=[model-performance-4ppu-7bd6d74d45-2wfsr]:37405): Broken pipe
Exception raised from sendBytes at /pytorch/torch/csrc/distributed/c10d/Utils.hpp:668 (most recent call first):
frame #0: c10::Error::Error(c10::SourceLocation, std::__cxx11::basic_string<char, std::char_traits<char>, std::allocator<char> >) + 0x94 (0x7f60828aa814 in /opt/ac2/lib/python3.12/site-packages/torch/lib/libc10.so)
frame #1: <unknown function> + 0x677d445 (0x7f60c15b7445 in /opt/ac2/lib/python3.12/site-packages/torch/lib/libtorch_cpu.so)
frame #2: <unknown function> + 0x677dcc4 (0x7f60c15b7cc4 in /opt/ac2/lib/python3.12/site-packages/torch/lib/libtorch_cpu.so)
frame #3: <unknown function> + 0x677fa95 (0x7f60c15b9a95 in /opt/ac2/lib/python3.12/site-packages/torch/lib/libtorch_cpu.so)
frame #4: c10d::TCPStore::check(std::vector<std::__cxx11::basic_string<char, std::char_traits<char>, std::allocator<char> >, std::allocator<std::__cxx11::basic_string<char, std::char_traits<char>, std::allocator<char> > > > const&) + 0x31e (0x7f60c15b3b5e in /opt/ac2/lib/python3.12/site-packages/torch/lib/libtorch_cpu.so)
frame #5: c10d::ProcessGroupNCCL::HeartbeatMonitor::runLoop() + 0x3e6 (0x7f6083f46b76 in /opt/ac2/lib/python3.12/site-packages/torch/lib/libtorch_cuda.so)
frame #6: <unknown function> + 0xecdb4 (0x7f60d27c0db4 in /lib/x86_64-linux-gnu/libstdc++.so.6)
frame #7: <unknown function> + 0x9caa4 (0x7f60d409caa4 in /lib/x86_64-linux-gnu/libc.so.6)
frame #8: <unknown function> + 0x129c6c (0x7f60d4129c6c in /lib/x86_64-linux-gnu/libc.so.6)

[rank3]:[W608 17:59:58.482858987 ProcessGroupNCCL.cpp:1775] [PG ID 0 PG GUID 0(default_pg) Rank 3] Failed to check the "should dump" flag on TCPStore, (maybe TCPStore server has shut down too early), with error: Broken pipe
[rank0]:[W608 17:59:58.520325737 TCPStore.cpp:106] [c10d] sendBytes failed on SocketImpl(fd=10, addr=[model-performance-4ppu-7bd6d74d45-2wfsr]:40486, remote=[model-performance-4ppu-7bd6d74d45-2wfsr]:37405): Broken pipe
Exception raised from sendBytes at /pytorch/torch/csrc/distributed/c10d/Utils.hpp:668 (most recent call first):
frame #0: c10::Error::Error(c10::SourceLocation, std::__cxx11::basic_string<char, std::char_traits<char>, std::allocator<char> >) + 0x94 (0x7fc56e327814 in /opt/ac2/lib/python3.12/site-packages/torch/lib/libc10.so)
frame #1: <unknown function> + 0x677d445 (0x7fc5ad034445 in /opt/ac2/lib/python3.12/site-packages/torch/lib/libtorch_cpu.so)
frame #2: <unknown function> + 0x677dcc4 (0x7fc5ad034cc4 in /opt/ac2/lib/python3.12/site-packages/torch/lib/libtorch_cpu.so)
frame #3: <unknown function> + 0x677fa95 (0x7fc5ad036a95 in /opt/ac2/lib/python3.12/site-packages/torch/lib/libtorch_cpu.so)
frame #4: c10d::TCPStore::check(std::vector<std::__cxx11::basic_string<char, std::char_traits<char>, std::allocator<char> >, std::allocator<std::__cxx11::basic_string<char, std::char_traits<char>, std::allocator<char> > > > const&) + 0x31e (0x7fc5ad030b5e in /opt/ac2/lib/python3.12/site-packages/torch/lib/libtorch_cpu.so)
frame #5: c10d::ProcessGroupNCCL::HeartbeatMonitor::runLoop() + 0x3e6 (0x7fc56f9c3b76 in /opt/ac2/lib/python3.12/site-packages/torch/lib/libtorch_cuda.so)
frame #6: <unknown function> + 0xecdb4 (0x7fc5be23ddb4 in /lib/x86_64-linux-gnu/libstdc++.so.6)
frame #7: <unknown function> + 0x9caa4 (0x7fc5bfa9caa4 in /lib/x86_64-linux-gnu/libc.so.6)
frame #8: <unknown function> + 0x129c6c (0x7fc5bfb29c6c in /lib/x86_64-linux-gnu/libc.so.6)

[rank0]:[W608 17:59:58.523611591 ProcessGroupNCCL.cpp:1775] [PG ID 0 PG GUID 0(default_pg) Rank 0] Failed to check the "should dump" flag on TCPStore, (maybe TCPStore server has shut down too early), with error: Broken pipe
[rank2]:[W608 17:59:59.480408211 TCPStore.cpp:106] [c10d] sendBytes failed on SocketImpl(fd=10, addr=[model-performance-4ppu-7bd6d74d45-2wfsr]:40464, remote=[model-performance-4ppu-7bd6d74d45-2wfsr]:37405): Broken pipe
Exception raised from sendBytes at /pytorch/torch/csrc/distributed/c10d/Utils.hpp:668 (most recent call first):
frame #0: c10::Error::Error(c10::SourceLocation, std::__cxx11::basic_string<char, std::char_traits<char>, std::allocator<char> >) + 0x94 (0x7f3f64fe0814 in /opt/ac2/lib/python3.12/site-packages/torch/lib/libc10.so)
frame #1: <unknown function> + 0x677d445 (0x7f3fa3ced445 in /opt/ac2/lib/python3.12/site-packages/torch/lib/libtorch_cpu.so)
frame #2: <unknown function> + 0x677dcc4 (0x7f3fa3cedcc4 in /opt/ac2/lib/python3.12/site-packages/torch/lib/libtorch_cpu.so)
frame #3: <unknown function> + 0x677fa95 (0x7f3fa3cefa95 in /opt/ac2/lib/python3.12/site-packages/torch/lib/libtorch_cpu.so)
frame #4: c10d::TCPStore::check(std::vector<std::__cxx11::basic_string<char, std::char_traits<char>, std::allocator<char> >, std::allocator<std::__cxx11::basic_string<char, std::char_traits<char>, std::allocator<char> > > > const&) + 0x31e (0x7f3fa3ce9b5e in /opt/ac2/lib/python3.12/site-packages/torch/lib/libtorch_cpu.so)
frame #5: c10d::ProcessGroupNCCL::HeartbeatMonitor::runLoop() + 0x3e6 (0x7f3f6667cb76 in /opt/ac2/lib/python3.12/site-packages/torch/lib/libtorch_cuda.so)
frame #6: <unknown function> + 0xecdb4 (0x7f3fb4ef6db4 in /lib/x86_64-linux-gnu/libstdc++.so.6)
frame #7: <unknown function> + 0x9caa4 (0x7f3fb689caa4 in /lib/x86_64-linux-gnu/libc.so.6)
frame #8: <unknown function> + 0x129c6c (0x7f3fb6929c6c in /lib/x86_64-linux-gnu/libc.so.6)

[rank2]:[W608 17:59:59.483713300 ProcessGroupNCCL.cpp:1775] [PG ID 0 PG GUID 0(default_pg) Rank 2] Failed to check the "should dump" flag on TCPStore, (maybe TCPStore server has shut down too early), with error: Broken pipe
[rank1]:[W608 17:59:59.482501353 TCPStore.cpp:106] [c10d] sendBytes failed on SocketImpl(fd=10, addr=[model-performance-4ppu-7bd6d74d45-2wfsr]:40474, remote=[model-performance-4ppu-7bd6d74d45-2wfsr]:37405): Broken pipe
Exception raised from sendBytes at /pytorch/torch/csrc/distributed/c10d/Utils.hpp:668 (most recent call first):
frame #0: c10::Error::Error(c10::SourceLocation, std::__cxx11::basic_string<char, std::char_traits<char>, std::allocator<char> >) + 0x94 (0x7f638566a814 in /opt/ac2/lib/python3.12/site-packages/torch/lib/libc10.so)
frame #1: <unknown function> + 0x677d445 (0x7f63c4377445 in /opt/ac2/lib/python3.12/site-packages/torch/lib/libtorch_cpu.so)
frame #2: <unknown function> + 0x677dcc4 (0x7f63c4377cc4 in /opt/ac2/lib/python3.12/site-packages/torch/lib/libtorch_cpu.so)
frame #3: <unknown function> + 0x677fa95 (0x7f63c4379a95 in /opt/ac2/lib/python3.12/site-packages/torch/lib/libtorch_cpu.so)
frame #4: c10d::TCPStore::check(std::vector<std::__cxx11::basic_string<char, std::char_traits<char>, std::allocator<char> >, std::allocator<std::__cxx11::basic_string<char, std::char_traits<char>, std::allocator<char> > > > const&) + 0x31e (0x7f63c4373b5e in /opt/ac2/lib/python3.12/site-packages/torch/lib/libtorch_cpu.so)
frame #5: c10d::ProcessGroupNCCL::HeartbeatMonitor::runLoop() + 0x3e6 (0x7f6386d06b76 in /opt/ac2/lib/python3.12/site-packages/torch/lib/libtorch_cuda.so)
frame #6: <unknown function> + 0xecdb4 (0x7f63d5580db4 in /lib/x86_64-linux-gnu/libstdc++.so.6)
frame #7: <unknown function> + 0x9caa4 (0x7f63d6e9caa4 in /lib/x86_64-linux-gnu/libc.so.6)
frame #8: <unknown function> + 0x129c6c (0x7f63d6f29c6c in /lib/x86_64-linux-gnu/libc.so.6)

[rank1]:[W608 17:59:59.485768145 ProcessGroupNCCL.cpp:1775] [PG ID 0 PG GUID 0(default_pg) Rank 1] Failed to check the "should dump" flag on TCPStore, (maybe TCPStore server has shut down too early), with error: Broken pipe
[rank3]:[W608 17:59:59.482967751 TCPStore.cpp:106] [c10d] sendBytes failed on SocketImpl(fd=10, addr=[model-performance-4ppu-7bd6d74d45-2wfsr]:40482, remote=[model-performance-4ppu-7bd6d74d45-2wfsr]:37405): Broken pipe
Exception raised from sendBytes at /pytorch/torch/csrc/distributed/c10d/Utils.hpp:668 (most recent call first):
frame #0: c10::Error::Error(c10::SourceLocation, std::__cxx11::basic_string<char, std::char_traits<char>, std::allocator<char> >) + 0x94 (0x7f60828aa814 in /opt/ac2/lib/python3.12/site-packages/torch/lib/libc10.so)
frame #1: <unknown function> + 0x677d445 (0x7f60c15b7445 in /opt/ac2/lib/python3.12/site-packages/torch/lib/libtorch_cpu.so)
frame #2: <unknown function> + 0x677dcc4 (0x7f60c15b7cc4 in /opt/ac2/lib/python3.12/site-packages/torch/lib/libtorch_cpu.so)
frame #3: <unknown function> + 0x677fa95 (0x7f60c15b9a95 in /opt/ac2/lib/python3.12/site-packages/torch/lib/libtorch_cpu.so)
frame #4: c10d::TCPStore::check(std::vector<std::__cxx11::basic_string<char, std::char_traits<char>, std::allocator<char> >, std::allocator<std::__cxx11::basic_string<char, std::char_traits<char>, std::allocator<char> > > > const&) + 0x31e (0x7f60c15b3b5e in /opt/ac2/lib/python3.12/site-packages/torch/lib/libtorch_cpu.so)
frame #5: c10d::ProcessGroupNCCL::HeartbeatMonitor::runLoop() + 0x3e6 (0x7f6083f46b76 in /opt/ac2/lib/python3.12/site-packages/torch/lib/libtorch_cuda.so)
frame #6: <unknown function> + 0xecdb4 (0x7f60d27c0db4 in /lib/x86_64-linux-gnu/libstdc++.so.6)
frame #7: <unknown function> + 0x9caa4 (0x7f60d409caa4 in /lib/x86_64-linux-gnu/libc.so.6)
frame #8: <unknown function> + 0x129c6c (0x7f60d4129c6c in /lib/x86_64-linux-gnu/libc.so.6)

[rank3]:[W608 17:59:59.486294694 ProcessGroupNCCL.cpp:1775] [PG ID 0 PG GUID 0(default_pg) Rank 3] Failed to check the "should dump" flag on TCPStore, (maybe TCPStore server has shut down too early), with error: Broken pipe
[rank0]:[W608 17:59:59.523712282 TCPStore.cpp:106] [c10d] sendBytes failed on SocketImpl(fd=10, addr=[model-performance-4ppu-7bd6d74d45-2wfsr]:40486, remote=[model-performance-4ppu-7bd6d74d45-2wfsr]:37405): Broken pipe
Exception raised from sendBytes at /pytorch/torch/csrc/distributed/c10d/Utils.hpp:668 (most recent call first):
frame #0: c10::Error::Error(c10::SourceLocation, std::__cxx11::basic_string<char, std::char_traits<char>, std::allocator<char> >) + 0x94 (0x7fc56e327814 in /opt/ac2/lib/python3.12/site-packages/torch/lib/libc10.so)
frame #1: <unknown function> + 0x677d445 (0x7fc5ad034445 in /opt/ac2/lib/python3.12/site-packages/torch/lib/libtorch_cpu.so)
frame #2: <unknown function> + 0x677dcc4 (0x7fc5ad034cc4 in /opt/ac2/lib/python3.12/site-packages/torch/lib/libtorch_cpu.so)
frame #3: <unknown function> + 0x677fa95 (0x7fc5ad036a95 in /opt/ac2/lib/python3.12/site-packages/torch/lib/libtorch_cpu.so)
frame #4: c10d::TCPStore::check(std::vector<std::__cxx11::basic_string<char, std::char_traits<char>, std::allocator<char> >, std::allocator<std::__cxx11::basic_string<char, std::char_traits<char>, std::allocator<char> > > > const&) + 0x31e (0x7fc5ad030b5e in /opt/ac2/lib/python3.12/site-packages/torch/lib/libtorch_cpu.so)
frame #5: c10d::ProcessGroupNCCL::HeartbeatMonitor::runLoop() + 0x3e6 (0x7fc56f9c3b76 in /opt/ac2/lib/python3.12/site-packages/torch/lib/libtorch_cuda.so)
frame #6: <unknown function> + 0xecdb4 (0x7fc5be23ddb4 in /lib/x86_64-linux-gnu/libstdc++.so.6)
frame #7: <unknown function> + 0x9caa4 (0x7fc5bfa9caa4 in /lib/x86_64-linux-gnu/libc.so.6)
frame #8: <unknown function> + 0x129c6c (0x7fc5bfb29c6c in /lib/x86_64-linux-gnu/libc.so.6)

[rank0]:[W608 17:59:59.526986230 ProcessGroupNCCL.cpp:1775] [PG ID 0 PG GUID 0(default_pg) Rank 0] Failed to check the "should dump" flag on TCPStore, (maybe TCPStore server has shut down too early), with error: Broken pipe
[rank2]:[W608 18:00:00.483811813 TCPStore.cpp:106] [c10d] sendBytes failed on SocketImpl(fd=10, addr=[model-performance-4ppu-7bd6d74d45-2wfsr]:40464, remote=[model-performance-4ppu-7bd6d74d45-2wfsr]:37405): Broken pipe
Exception raised from sendBytes at /pytorch/torch/csrc/distributed/c10d/Utils.hpp:668 (most recent call first):
frame #0: c10::Error::Error(c10::SourceLocation, std::__cxx11::basic_string<char, std::char_traits<char>, std::allocator<char> >) + 0x94 (0x7f3f64fe0814 in /opt/ac2/lib/python3.12/site-packages/torch/lib/libc10.so)
frame #1: <unknown function> + 0x677d445 (0x7f3fa3ced445 in /opt/ac2/lib/python3.12/site-packages/torch/lib/libtorch_cpu.so)
frame #2: <unknown function> + 0x677dcc4 (0x7f3fa3cedcc4 in /opt/ac2/lib/python3.12/site-packages/torch/lib/libtorch_cpu.so)
frame #3: <unknown function> + 0x677fa95 (0x7f3fa3cefa95 in /opt/ac2/lib/python3.12/site-packages/torch/lib/libtorch_cpu.so)
frame #4: c10d::TCPStore::check(std::vector<std::__cxx11::basic_string<char, std::char_traits<char>, std::allocator<char> >, std::allocator<std::__cxx11::basic_string<char, std::char_traits<char>, std::allocator<char> > > > const&) + 0x31e (0x7f3fa3ce9b5e in /opt/ac2/lib/python3.12/site-packages/torch/lib/libtorch_cpu.so)
frame #5: c10d::ProcessGroupNCCL::HeartbeatMonitor::runLoop() + 0x3e6 (0x7f3f6667cb76 in /opt/ac2/lib/python3.12/site-packages/torch/lib/libtorch_cuda.so)
frame #6: <unknown function> + 0xecdb4 (0x7f3fb4ef6db4 in /lib/x86_64-linux-gnu/libstdc++.so.6)
frame #7: <unknown function> + 0x9caa4 (0x7f3fb689caa4 in /lib/x86_64-linux-gnu/libc.so.6)
frame #8: <unknown function> + 0x129c6c (0x7f3fb6929c6c in /lib/x86_64-linux-gnu/libc.so.6)

[rank2]:[W608 18:00:00.487100111 ProcessGroupNCCL.cpp:1775] [PG ID 0 PG GUID 0(default_pg) Rank 2] Failed to check the "should dump" flag on TCPStore, (maybe TCPStore server has shut down too early), with error: Broken pipe
[rank1]:[W608 18:00:00.485887025 TCPStore.cpp:106] [c10d] sendBytes failed on SocketImpl(fd=10, addr=[model-performance-4ppu-7bd6d74d45-2wfsr]:40474, remote=[model-performance-4ppu-7bd6d74d45-2wfsr]:37405): Broken pipe
Exception raised from sendBytes at /pytorch/torch/csrc/distributed/c10d/Utils.hpp:668 (most recent call first):
frame #0: c10::Error::Error(c10::SourceLocation, std::__cxx11::basic_string<char, std::char_traits<char>, std::allocator<char> >) + 0x94 (0x7f638566a814 in /opt/ac2/lib/python3.12/site-packages/torch/lib/libc10.so)
frame #1: <unknown function> + 0x677d445 (0x7f63c4377445 in /opt/ac2/lib/python3.12/site-packages/torch/lib/libtorch_cpu.so)
frame #2: <unknown function> + 0x677dcc4 (0x7f63c4377cc4 in /opt/ac2/lib/python3.12/site-packages/torch/lib/libtorch_cpu.so)
frame #3: <unknown function> + 0x677fa95 (0x7f63c4379a95 in /opt/ac2/lib/python3.12/site-packages/torch/lib/libtorch_cpu.so)
frame #4: c10d::TCPStore::check(std::vector<std::__cxx11::basic_string<char, std::char_traits<char>, std::allocator<char> >, std::allocator<std::__cxx11::basic_string<char, std::char_traits<char>, std::allocator<char> > > > const&) + 0x31e (0x7f63c4373b5e in /opt/ac2/lib/python3.12/site-packages/torch/lib/libtorch_cpu.so)
frame #5: c10d::ProcessGroupNCCL::HeartbeatMonitor::runLoop() + 0x3e6 (0x7f6386d06b76 in /opt/ac2/lib/python3.12/site-packages/torch/lib/libtorch_cuda.so)
frame #6: <unknown function> + 0xecdb4 (0x7f63d5580db4 in /lib/x86_64-linux-gnu/libstdc++.so.6)
frame #7: <unknown function> + 0x9caa4 (0x7f63d6e9caa4 in /lib/x86_64-linux-gnu/libc.so.6)
frame #8: <unknown function> + 0x129c6c (0x7f63d6f29c6c in /lib/x86_64-linux-gnu/libc.so.6)

[rank1]:[W608 18:00:00.489190654 ProcessGroupNCCL.cpp:1775] [PG ID 0 PG GUID 0(default_pg) Rank 1] Failed to check the "should dump" flag on TCPStore, (maybe TCPStore server has shut down too early), with error: Broken pipe
[rank3]:[W608 18:00:00.486409470 TCPStore.cpp:106] [c10d] sendBytes failed on SocketImpl(fd=10, addr=[model-performance-4ppu-7bd6d74d45-2wfsr]:40482, remote=[model-performance-4ppu-7bd6d74d45-2wfsr]:37405): Broken pipe
Exception raised from sendBytes at /pytorch/torch/csrc/distributed/c10d/Utils.hpp:668 (most recent call first):
frame #0: c10::Error::Error(c10::SourceLocation, std::__cxx11::basic_string<char, std::char_traits<char>, std::allocator<char> >) + 0x94 (0x7f60828aa814 in /opt/ac2/lib/python3.12/site-packages/torch/lib/libc10.so)
frame #1: <unknown function> + 0x677d445 (0x7f60c15b7445 in /opt/ac2/lib/python3.12/site-packages/torch/lib/libtorch_cpu.so)
frame #2: <unknown function> + 0x677dcc4 (0x7f60c15b7cc4 in /opt/ac2/lib/python3.12/site-packages/torch/lib/libtorch_cpu.so)
frame #3: <unknown function> + 0x677fa95 (0x7f60c15b9a95 in /opt/ac2/lib/python3.12/site-packages/torch/lib/libtorch_cpu.so)
frame #4: c10d::TCPStore::check(std::vector<std::__cxx11::basic_string<char, std::char_traits<char>, std::allocator<char> >, std::allocator<std::__cxx11::basic_string<char, std::char_traits<char>, std::allocator<char> > > > const&) + 0x31e (0x7f60c15b3b5e in /opt/ac2/lib/python3.12/site-packages/torch/lib/libtorch_cpu.so)
frame #5: c10d::ProcessGroupNCCL::HeartbeatMonitor::runLoop() + 0x3e6 (0x7f6083f46b76 in /opt/ac2/lib/python3.12/site-packages/torch/lib/libtorch_cuda.so)
frame #6: <unknown function> + 0xecdb4 (0x7f60d27c0db4 in /lib/x86_64-linux-gnu/libstdc++.so.6)
frame #7: <unknown function> + 0x9caa4 (0x7f60d409caa4 in /lib/x86_64-linux-gnu/libc.so.6)
frame #8: <unknown function> + 0x129c6c (0x7f60d4129c6c in /lib/x86_64-linux-gnu/libc.so.6)

[rank3]:[W608 18:00:00.489653647 ProcessGroupNCCL.cpp:1775] [PG ID 0 PG GUID 0(default_pg) Rank 3] Failed to check the "should dump" flag on TCPStore, (maybe TCPStore server has shut down too early), with error: Broken pipe
[rank0]:[W608 18:00:00.527090106 TCPStore.cpp:106] [c10d] sendBytes failed on SocketImpl(fd=10, addr=[model-performance-4ppu-7bd6d74d45-2wfsr]:40486, remote=[model-performance-4ppu-7bd6d74d45-2wfsr]:37405): Broken pipe
Exception raised from sendBytes at /pytorch/torch/csrc/distributed/c10d/Utils.hpp:668 (most recent call first):
frame #0: c10::Error::Error(c10::SourceLocation, std::__cxx11::basic_string<char, std::char_traits<char>, std::allocator<char> >) + 0x94 (0x7fc56e327814 in /opt/ac2/lib/python3.12/site-packages/torch/lib/libc10.so)
frame #1: <unknown function> + 0x677d445 (0x7fc5ad034445 in /opt/ac2/lib/python3.12/site-packages/torch/lib/libtorch_cpu.so)
frame #2: <unknown function> + 0x677dcc4 (0x7fc5ad034cc4 in /opt/ac2/lib/python3.12/site-packages/torch/lib/libtorch_cpu.so)
frame #3: <unknown function> + 0x677fa95 (0x7fc5ad036a95 in /opt/ac2/lib/python3.12/site-packages/torch/lib/libtorch_cpu.so)
frame #4: c10d::TCPStore::check(std::vector<std::__cxx11::basic_string<char, std::char_traits<char>, std::allocator<char> >, std::allocator<std::__cxx11::basic_string<char, std::char_traits<char>, std::allocator<char> > > > const&) + 0x31e (0x7fc5ad030b5e in /opt/ac2/lib/python3.12/site-packages/torch/lib/libtorch_cpu.so)
frame #5: c10d::ProcessGroupNCCL::HeartbeatMonitor::runLoop() + 0x3e6 (0x7fc56f9c3b76 in /opt/ac2/lib/python3.12/site-packages/torch/lib/libtorch_cuda.so)
frame #6: <unknown function> + 0xecdb4 (0x7fc5be23ddb4 in /lib/x86_64-linux-gnu/libstdc++.so.6)
frame #7: <unknown function> + 0x9caa4 (0x7fc5bfa9caa4 in /lib/x86_64-linux-gnu/libc.so.6)
frame #8: <unknown function> + 0x129c6c (0x7fc5bfb29c6c in /lib/x86_64-linux-gnu/libc.so.6)

[rank0]:[W608 18:00:00.530369954 ProcessGroupNCCL.cpp:1775] [PG ID 0 PG GUID 0(default_pg) Rank 0] Failed to check the "should dump" flag on TCPStore, (maybe TCPStore server has shut down too early), with error: Broken pipe
[rank2]:[W608 18:00:01.487200321 TCPStore.cpp:106] [c10d] sendBytes failed on SocketImpl(fd=10, addr=[model-performance-4ppu-7bd6d74d45-2wfsr]:40464, remote=[model-performance-4ppu-7bd6d74d45-2wfsr]:37405): Broken pipe
Exception raised from sendBytes at /pytorch/torch/csrc/distributed/c10d/Utils.hpp:668 (most recent call first):
frame #0: c10::Error::Error(c10::SourceLocation, std::__cxx11::basic_string<char, std::char_traits<char>, std::allocator<char> >) + 0x94 (0x7f3f64fe0814 in /opt/ac2/lib/python3.12/site-packages/torch/lib/libc10.so)
frame #1: <unknown function> + 0x677d445 (0x7f3fa3ced445 in /opt/ac2/lib/python3.12/site-packages/torch/lib/libtorch_cpu.so)
frame #2: <unknown function> + 0x677dcc4 (0x7f3fa3cedcc4 in /opt/ac2/lib/python3.12/site-packages/torch/lib/libtorch_cpu.so)
frame #3: <unknown function> + 0x677fa95 (0x7f3fa3cefa95 in /opt/ac2/lib/python3.12/site-packages/torch/lib/libtorch_cpu.so)
frame #4: c10d::TCPStore::check(std::vector<std::__cxx11::basic_string<char, std::char_traits<char>, std::allocator<char> >, std::allocator<std::__cxx11::basic_string<char, std::char_traits<char>, std::allocator<char> > > > const&) + 0x31e (0x7f3fa3ce9b5e in /opt/ac2/lib/python3.12/site-packages/torch/lib/libtorch_cpu.so)
frame #5: c10d::ProcessGroupNCCL::HeartbeatMonitor::runLoop() + 0x3e6 (0x7f3f6667cb76 in /opt/ac2/lib/python3.12/site-packages/torch/lib/libtorch_cuda.so)
frame #6: <unknown function> + 0xecdb4 (0x7f3fb4ef6db4 in /lib/x86_64-linux-gnu/libstdc++.so.6)
frame #7: <unknown function> + 0x9caa4 (0x7f3fb689caa4 in /lib/x86_64-linux-gnu/libc.so.6)
frame #8: <unknown function> + 0x129c6c (0x7f3fb6929c6c in /lib/x86_64-linux-gnu/libc.so.6)

[rank2]:[W608 18:00:01.490527191 ProcessGroupNCCL.cpp:1775] [PG ID 0 PG GUID 0(default_pg) Rank 2] Failed to check the "should dump" flag on TCPStore, (maybe TCPStore server has shut down too early), with error: Broken pipe
[rank1]:[W608 18:00:01.489308960 TCPStore.cpp:106] [c10d] sendBytes failed on SocketImpl(fd=10, addr=[model-performance-4ppu-7bd6d74d45-2wfsr]:40474, remote=[model-performance-4ppu-7bd6d74d45-2wfsr]:37405): Broken pipe
Exception raised from sendBytes at /pytorch/torch/csrc/distributed/c10d/Utils.hpp:668 (most recent call first):
frame #0: c10::Error::Error(c10::SourceLocation, std::__cxx11::basic_string<char, std::char_traits<char>, std::allocator<char> >) + 0x94 (0x7f638566a814 in /opt/ac2/lib/python3.12/site-packages/torch/lib/libc10.so)
frame #1: <unknown function> + 0x677d445 (0x7f63c4377445 in /opt/ac2/lib/python3.12/site-packages/torch/lib/libtorch_cpu.so)
frame #2: <unknown function> + 0x677dcc4 (0x7f63c4377cc4 in /opt/ac2/lib/python3.12/site-packages/torch/lib/libtorch_cpu.so)
frame #3: <unknown function> + 0x677fa95 (0x7f63c4379a95 in /opt/ac2/lib/python3.12/site-packages/torch/lib/libtorch_cpu.so)
frame #4: c10d::TCPStore::check(std::vector<std::__cxx11::basic_string<char, std::char_traits<char>, std::allocator<char> >, std::allocator<std::__cxx11::basic_string<char, std::char_traits<char>, std::allocator<char> > > > const&) + 0x31e (0x7f63c4373b5e in /opt/ac2/lib/python3.12/site-packages/torch/lib/libtorch_cpu.so)
frame #5: c10d::ProcessGroupNCCL::HeartbeatMonitor::runLoop() + 0x3e6 (0x7f6386d06b76 in /opt/ac2/lib/python3.12/site-packages/torch/lib/libtorch_cuda.so)
frame #6: <unknown function> + 0xecdb4 (0x7f63d5580db4 in /lib/x86_64-linux-gnu/libstdc++.so.6)
frame #7: <unknown function> + 0x9caa4 (0x7f63d6e9caa4 in /lib/x86_64-linux-gnu/libc.so.6)
frame #8: <unknown function> + 0x129c6c (0x7f63d6f29c6c in /lib/x86_64-linux-gnu/libc.so.6)

[rank1]:[W608 18:00:01.492635881 ProcessGroupNCCL.cpp:1775] [PG ID 0 PG GUID 0(default_pg) Rank 1] Failed to check the "should dump" flag on TCPStore, (maybe TCPStore server has shut down too early), with error: Broken pipe
[rank3]:[W608 18:00:01.489765591 TCPStore.cpp:106] [c10d] sendBytes failed on SocketImpl(fd=10, addr=[model-performance-4ppu-7bd6d74d45-2wfsr]:40482, remote=[model-performance-4ppu-7bd6d74d45-2wfsr]:37405): Broken pipe
Exception raised from sendBytes at /pytorch/torch/csrc/distributed/c10d/Utils.hpp:668 (most recent call first):
frame #0: c10::Error::Error(c10::SourceLocation, std::__cxx11::basic_string<char, std::char_traits<char>, std::allocator<char> >) + 0x94 (0x7f60828aa814 in /opt/ac2/lib/python3.12/site-packages/torch/lib/libc10.so)
frame #1: <unknown function> + 0x677d445 (0x7f60c15b7445 in /opt/ac2/lib/python3.12/site-packages/torch/lib/libtorch_cpu.so)
frame #2: <unknown function> + 0x677dcc4 (0x7f60c15b7cc4 in /opt/ac2/lib/python3.12/site-packages/torch/lib/libtorch_cpu.so)
frame #3: <unknown function> + 0x677fa95 (0x7f60c15b9a95 in /opt/ac2/lib/python3.12/site-packages/torch/lib/libtorch_cpu.so)
frame #4: c10d::TCPStore::check(std::vector<std::__cxx11::basic_string<char, std::char_traits<char>, std::allocator<char> >, std::allocator<std::__cxx11::basic_string<char, std::char_traits<char>, std::allocator<char> > > > const&) + 0x31e (0x7f60c15b3b5e in /opt/ac2/lib/python3.12/site-packages/torch/lib/libtorch_cpu.so)
frame #5: c10d::ProcessGroupNCCL::HeartbeatMonitor::runLoop() + 0x3e6 (0x7f6083f46b76 in /opt/ac2/lib/python3.12/site-packages/torch/lib/libtorch_cuda.so)
frame #6: <unknown function> + 0xecdb4 (0x7f60d27c0db4 in /lib/x86_64-linux-gnu/libstdc++.so.6)
frame #7: <unknown function> + 0x9caa4 (0x7f60d409caa4 in /lib/x86_64-linux-gnu/libc.so.6)
frame #8: <unknown function> + 0x129c6c (0x7f60d4129c6c in /lib/x86_64-linux-gnu/libc.so.6)

[rank3]:[W608 18:00:01.493105865 ProcessGroupNCCL.cpp:1775] [PG ID 0 PG GUID 0(default_pg) Rank 3] Failed to check the "should dump" flag on TCPStore, (maybe TCPStore server has shut down too early), with error: Broken pipe
[rank0]:[W608 18:00:01.530471222 TCPStore.cpp:106] [c10d] sendBytes failed on SocketImpl(fd=10, addr=[model-performance-4ppu-7bd6d74d45-2wfsr]:40486, remote=[model-performance-4ppu-7bd6d74d45-2wfsr]:37405): Broken pipe
Exception raised from sendBytes at /pytorch/torch/csrc/distributed/c10d/Utils.hpp:668 (most recent call first):
frame #0: c10::Error::Error(c10::SourceLocation, std::__cxx11::basic_string<char, std::char_traits<char>, std::allocator<char> >) + 0x94 (0x7fc56e327814 in /opt/ac2/lib/python3.12/site-packages/torch/lib/libc10.so)
frame #1: <unknown function> + 0x677d445 (0x7fc5ad034445 in /opt/ac2/lib/python3.12/site-packages/torch/lib/libtorch_cpu.so)
frame #2: <unknown function> + 0x677dcc4 (0x7fc5ad034cc4 in /opt/ac2/lib/python3.12/site-packages/torch/lib/libtorch_cpu.so)
frame #3: <unknown function> + 0x677fa95 (0x7fc5ad036a95 in /opt/ac2/lib/python3.12/site-packages/torch/lib/libtorch_cpu.so)
frame #4: c10d::TCPStore::check(std::vector<std::__cxx11::basic_string<char, std::char_traits<char>, std::allocator<char> >, std::allocator<std::__cxx11::basic_string<char, std::char_traits<char>, std::allocator<char> > > > const&) + 0x31e (0x7fc5ad030b5e in /opt/ac2/lib/python3.12/site-packages/torch/lib/libtorch_cpu.so)
frame #5: c10d::ProcessGroupNCCL::HeartbeatMonitor::runLoop() + 0x3e6 (0x7fc56f9c3b76 in /opt/ac2/lib/python3.12/site-packages/torch/lib/libtorch_cuda.so)
frame #6: <unknown function> + 0xecdb4 (0x7fc5be23ddb4 in /lib/x86_64-linux-gnu/libstdc++.so.6)
frame #7: <unknown function> + 0x9caa4 (0x7fc5bfa9caa4 in /lib/x86_64-linux-gnu/libc.so.6)
frame #8: <unknown function> + 0x129c6c (0x7fc5bfb29c6c in /lib/x86_64-linux-gnu/libc.so.6)

[rank0]:[W608 18:00:01.533727041 ProcessGroupNCCL.cpp:1775] [PG ID 0 PG GUID 0(default_pg) Rank 0] Failed to check the "should dump" flag on TCPStore, (maybe TCPStore server has shut down too early), with error: Broken pipe
[rank2]:[W608 18:00:02.490638616 TCPStore.cpp:106] [c10d] sendBytes failed on SocketImpl(fd=10, addr=[model-performance-4ppu-7bd6d74d45-2wfsr]:40464, remote=[model-performance-4ppu-7bd6d74d45-2wfsr]:37405): Broken pipe
Exception raised from sendBytes at /pytorch/torch/csrc/distributed/c10d/Utils.hpp:668 (most recent call first):
frame #0: c10::Error::Error(c10::SourceLocation, std::__cxx11::basic_string<char, std::char_traits<char>, std::allocator<char> >) + 0x94 (0x7f3f64fe0814 in /opt/ac2/lib/python3.12/site-packages/torch/lib/libc10.so)
frame #1: <unknown function> + 0x677d445 (0x7f3fa3ced445 in /opt/ac2/lib/python3.12/site-packages/torch/lib/libtorch_cpu.so)
frame #2: <unknown function> + 0x677dcc4 (0x7f3fa3cedcc4 in /opt/ac2/lib/python3.12/site-packages/torch/lib/libtorch_cpu.so)
frame #3: <unknown function> + 0x677fa95 (0x7f3fa3cefa95 in /opt/ac2/lib/python3.12/site-packages/torch/lib/libtorch_cpu.so)
frame #4: c10d::TCPStore::check(std::vector<std::__cxx11::basic_string<char, std::char_traits<char>, std::allocator<char> >, std::allocator<std::__cxx11::basic_string<char, std::char_traits<char>, std::allocator<char> > > > const&) + 0x31e (0x7f3fa3ce9b5e in /opt/ac2/lib/python3.12/site-packages/torch/lib/libtorch_cpu.so)
frame #5: c10d::ProcessGroupNCCL::HeartbeatMonitor::runLoop() + 0x3e6 (0x7f3f6667cb76 in /opt/ac2/lib/python3.12/site-packages/torch/lib/libtorch_cuda.so)
frame #6: <unknown function> + 0xecdb4 (0x7f3fb4ef6db4 in /lib/x86_64-linux-gnu/libstdc++.so.6)
frame #7: <unknown function> + 0x9caa4 (0x7f3fb689caa4 in /lib/x86_64-linux-gnu/libc.so.6)
frame #8: <unknown function> + 0x129c6c (0x7f3fb6929c6c in /lib/x86_64-linux-gnu/libc.so.6)

[rank2]:[W608 18:00:02.493887134 ProcessGroupNCCL.cpp:1775] [PG ID 0 PG GUID 0(default_pg) Rank 2] Failed to check the "should dump" flag on TCPStore, (maybe TCPStore server has shut down too early), with error: Broken pipe
[rank1]:[W608 18:00:02.492750512 TCPStore.cpp:106] [c10d] sendBytes failed on SocketImpl(fd=10, addr=[model-performance-4ppu-7bd6d74d45-2wfsr]:40474, remote=[model-performance-4ppu-7bd6d74d45-2wfsr]:37405): Broken pipe
Exception raised from sendBytes at /pytorch/torch/csrc/distributed/c10d/Utils.hpp:668 (most recent call first):
frame #0: c10::Error::Error(c10::SourceLocation, std::__cxx11::basic_string<char, std::char_traits<char>, std::allocator<char> >) + 0x94 (0x7f638566a814 in /opt/ac2/lib/python3.12/site-packages/torch/lib/libc10.so)
frame #1: <unknown function> + 0x677d445 (0x7f63c4377445 in /opt/ac2/lib/python3.12/site-packages/torch/lib/libtorch_cpu.so)
frame #2: <unknown function> + 0x677dcc4 (0x7f63c4377cc4 in /opt/ac2/lib/python3.12/site-packages/torch/lib/libtorch_cpu.so)
frame #3: <unknown function> + 0x677fa95 (0x7f63c4379a95 in /opt/ac2/lib/python3.12/site-packages/torch/lib/libtorch_cpu.so)
frame #4: c10d::TCPStore::check(std::vector<std::__cxx11::basic_string<char, std::char_traits<char>, std::allocator<char> >, std::allocator<std::__cxx11::basic_string<char, std::char_traits<char>, std::allocator<char> > > > const&) + 0x31e (0x7f63c4373b5e in /opt/ac2/lib/python3.12/site-packages/torch/lib/libtorch_cpu.so)
frame #5: c10d::ProcessGroupNCCL::HeartbeatMonitor::runLoop() + 0x3e6 (0x7f6386d06b76 in /opt/ac2/lib/python3.12/site-packages/torch/lib/libtorch_cuda.so)
frame #6: <unknown function> + 0xecdb4 (0x7f63d5580db4 in /lib/x86_64-linux-gnu/libstdc++.so.6)
frame #7: <unknown function> + 0x9caa4 (0x7f63d6e9caa4 in /lib/x86_64-linux-gnu/libc.so.6)
frame #8: <unknown function> + 0x129c6c (0x7f63d6f29c6c in /lib/x86_64-linux-gnu/libc.so.6)

[rank1]:[W608 18:00:02.496019318 ProcessGroupNCCL.cpp:1775] [PG ID 0 PG GUID 0(default_pg) Rank 1] Failed to check the "should dump" flag on TCPStore, (maybe TCPStore server has shut down too early), with error: Broken pipe
[rank3]:[W608 18:00:02.493210322 TCPStore.cpp:106] [c10d] sendBytes failed on SocketImpl(fd=10, addr=[model-performance-4ppu-7bd6d74d45-2wfsr]:40482, remote=[model-performance-4ppu-7bd6d74d45-2wfsr]:37405): Broken pipe
Exception raised from sendBytes at /pytorch/torch/csrc/distributed/c10d/Utils.hpp:668 (most recent call first):
frame #0: c10::Error::Error(c10::SourceLocation, std::__cxx11::basic_string<char, std::char_traits<char>, std::allocator<char> >) + 0x94 (0x7f60828aa814 in /opt/ac2/lib/python3.12/site-packages/torch/lib/libc10.so)
frame #1: <unknown function> + 0x677d445 (0x7f60c15b7445 in /opt/ac2/lib/python3.12/site-packages/torch/lib/libtorch_cpu.so)
frame #2: <unknown function> + 0x677dcc4 (0x7f60c15b7cc4 in /opt/ac2/lib/python3.12/site-packages/torch/lib/libtorch_cpu.so)
frame #3: <unknown function> + 0x677fa95 (0x7f60c15b9a95 in /opt/ac2/lib/python3.12/site-packages/torch/lib/libtorch_cpu.so)
frame #4: c10d::TCPStore::check(std::vector<std::__cxx11::basic_string<char, std::char_traits<char>, std::allocator<char> >, std::allocator<std::__cxx11::basic_string<char, std::char_traits<char>, std::allocator<char> > > > const&) + 0x31e (0x7f60c15b3b5e in /opt/ac2/lib/python3.12/site-packages/torch/lib/libtorch_cpu.so)
frame #5: c10d::ProcessGroupNCCL::HeartbeatMonitor::runLoop() + 0x3e6 (0x7f6083f46b76 in /opt/ac2/lib/python3.12/site-packages/torch/lib/libtorch_cuda.so)
frame #6: <unknown function> + 0xecdb4 (0x7f60d27c0db4 in /lib/x86_64-linux-gnu/libstdc++.so.6)
frame #7: <unknown function> + 0x9caa4 (0x7f60d409caa4 in /lib/x86_64-linux-gnu/libc.so.6)
frame #8: <unknown function> + 0x129c6c (0x7f60d4129c6c in /lib/x86_64-linux-gnu/libc.so.6)

[rank3]:[W608 18:00:02.496491878 ProcessGroupNCCL.cpp:1775] [PG ID 0 PG GUID 0(default_pg) Rank 3] Failed to check the "should dump" flag on TCPStore, (maybe TCPStore server has shut down too early), with error: Broken pipe
[rank0]:[W608 18:00:02.533828732 TCPStore.cpp:106] [c10d] sendBytes failed on SocketImpl(fd=10, addr=[model-performance-4ppu-7bd6d74d45-2wfsr]:40486, remote=[model-performance-4ppu-7bd6d74d45-2wfsr]:37405): Broken pipe
Exception raised from sendBytes at /pytorch/torch/csrc/distributed/c10d/Utils.hpp:668 (most recent call first):
frame #0: c10::Error::Error(c10::SourceLocation, std::__cxx11::basic_string<char, std::char_traits<char>, std::allocator<char> >) + 0x94 (0x7fc56e327814 in /opt/ac2/lib/python3.12/site-packages/torch/lib/libc10.so)
frame #1: <unknown function> + 0x677d445 (0x7fc5ad034445 in /opt/ac2/lib/python3.12/site-packages/torch/lib/libtorch_cpu.so)
frame #2: <unknown function> + 0x677dcc4 (0x7fc5ad034cc4 in /opt/ac2/lib/python3.12/site-packages/torch/lib/libtorch_cpu.so)
frame #3: <unknown function> + 0x677fa95 (0x7fc5ad036a95 in /opt/ac2/lib/python3.12/site-packages/torch/lib/libtorch_cpu.so)
frame #4: c10d::TCPStore::check(std::vector<std::__cxx11::basic_string<char, std::char_traits<char>, std::allocator<char> >, std::allocator<std::__cxx11::basic_string<char, std::char_traits<char>, std::allocator<char> > > > const&) + 0x31e (0x7fc5ad030b5e in /opt/ac2/lib/python3.12/site-packages/torch/lib/libtorch_cpu.so)
frame #5: c10d::ProcessGroupNCCL::HeartbeatMonitor::runLoop() + 0x3e6 (0x7fc56f9c3b76 in /opt/ac2/lib/python3.12/site-packages/torch/lib/libtorch_cuda.so)
frame #6: <unknown function> + 0xecdb4 (0x7fc5be23ddb4 in /lib/x86_64-linux-gnu/libstdc++.so.6)
frame #7: <unknown function> + 0x9caa4 (0x7fc5bfa9caa4 in /lib/x86_64-linux-gnu/libc.so.6)
frame #8: <unknown function> + 0x129c6c (0x7fc5bfb29c6c in /lib/x86_64-linux-gnu/libc.so.6)

[rank0]:[W608 18:00:02.537123152 ProcessGroupNCCL.cpp:1775] [PG ID 0 PG GUID 0(default_pg) Rank 0] Failed to check the "should dump" flag on TCPStore, (maybe TCPStore server has shut down too early), with error: Broken pipe
[rank2]:[W608 18:00:03.494019142 TCPStore.cpp:106] [c10d] sendBytes failed on SocketImpl(fd=10, addr=[model-performance-4ppu-7bd6d74d45-2wfsr]:40464, remote=[model-performance-4ppu-7bd6d74d45-2wfsr]:37405): Broken pipe
Exception raised from sendBytes at /pytorch/torch/csrc/distributed/c10d/Utils.hpp:668 (most recent call first):
frame #0: c10::Error::Error(c10::SourceLocation, std::__cxx11::basic_string<char, std::char_traits<char>, std::allocator<char> >) + 0x94 (0x7f3f64fe0814 in /opt/ac2/lib/python3.12/site-packages/torch/lib/libc10.so)
frame #1: <unknown function> + 0x677d445 (0x7f3fa3ced445 in /opt/ac2/lib/python3.12/site-packages/torch/lib/libtorch_cpu.so)
frame #2: <unknown function> + 0x677dcc4 (0x7f3fa3cedcc4 in /opt/ac2/lib/python3.12/site-packages/torch/lib/libtorch_cpu.so)
frame #3: <unknown function> + 0x677fa95 (0x7f3fa3cefa95 in /opt/ac2/lib/python3.12/site-packages/torch/lib/libtorch_cpu.so)
frame #4: c10d::TCPStore::check(std::vector<std::__cxx11::basic_string<char, std::char_traits<char>, std::allocator<char> >, std::allocator<std::__cxx11::basic_string<char, std::char_traits<char>, std::allocator<char> > > > const&) + 0x31e (0x7f3fa3ce9b5e in /opt/ac2/lib/python3.12/site-packages/torch/lib/libtorch_cpu.so)
frame #5: c10d::ProcessGroupNCCL::HeartbeatMonitor::runLoop() + 0x3e6 (0x7f3f6667cb76 in /opt/ac2/lib/python3.12/site-packages/torch/lib/libtorch_cuda.so)
frame #6: <unknown function> + 0xecdb4 (0x7f3fb4ef6db4 in /lib/x86_64-linux-gnu/libstdc++.so.6)
frame #7: <unknown function> + 0x9caa4 (0x7f3fb689caa4 in /lib/x86_64-linux-gnu/libc.so.6)
frame #8: <unknown function> + 0x129c6c (0x7f3fb6929c6c in /lib/x86_64-linux-gnu/libc.so.6)

[rank2]:[W608 18:00:03.497396035 ProcessGroupNCCL.cpp:1775] [PG ID 0 PG GUID 0(default_pg) Rank 2] Failed to check the "should dump" flag on TCPStore, (maybe TCPStore server has shut down too early), with error: Broken pipe
[rank1]:[W608 18:00:03.496138786 TCPStore.cpp:106] [c10d] sendBytes failed on SocketImpl(fd=10, addr=[model-performance-4ppu-7bd6d74d45-2wfsr]:40474, remote=[model-performance-4ppu-7bd6d74d45-2wfsr]:37405): Broken pipe
Exception raised from sendBytes at /pytorch/torch/csrc/distributed/c10d/Utils.hpp:668 (most recent call first):
frame #0: c10::Error::Error(c10::SourceLocation, std::__cxx11::basic_string<char, std::char_traits<char>, std::allocator<char> >) + 0x94 (0x7f638566a814 in /opt/ac2/lib/python3.12/site-packages/torch/lib/libc10.so)
frame #1: <unknown function> + 0x677d445 (0x7f63c4377445 in /opt/ac2/lib/python3.12/site-packages/torch/lib/libtorch_cpu.so)
frame #2: <unknown function> + 0x677dcc4 (0x7f63c4377cc4 in /opt/ac2/lib/python3.12/site-packages/torch/lib/libtorch_cpu.so)
frame #3: <unknown function> + 0x677fa95 (0x7f63c4379a95 in /opt/ac2/lib/python3.12/site-packages/torch/lib/libtorch_cpu.so)
frame #4: c10d::TCPStore::check(std::vector<std::__cxx11::basic_string<char, std::char_traits<char>, std::allocator<char> >, std::allocator<std::__cxx11::basic_string<char, std::char_traits<char>, std::allocator<char> > > > const&) + 0x31e (0x7f63c4373b5e in /opt/ac2/lib/python3.12/site-packages/torch/lib/libtorch_cpu.so)
frame #5: c10d::ProcessGroupNCCL::HeartbeatMonitor::runLoop() + 0x3e6 (0x7f6386d06b76 in /opt/ac2/lib/python3.12/site-packages/torch/lib/libtorch_cuda.so)
frame #6: <unknown function> + 0xecdb4 (0x7f63d5580db4 in /lib/x86_64-linux-gnu/libstdc++.so.6)
frame #7: <unknown function> + 0x9caa4 (0x7f63d6e9caa4 in /lib/x86_64-linux-gnu/libc.so.6)
frame #8: <unknown function> + 0x129c6c (0x7f63d6f29c6c in /lib/x86_64-linux-gnu/libc.so.6)

[rank1]:[W608 18:00:03.499503134 ProcessGroupNCCL.cpp:1775] [PG ID 0 PG GUID 0(default_pg) Rank 1] Failed to check the "should dump" flag on TCPStore, (maybe TCPStore server has shut down too early), with error: Broken pipe
[rank3]:[W608 18:00:03.496605793 TCPStore.cpp:106] [c10d] sendBytes failed on SocketImpl(fd=10, addr=[model-performance-4ppu-7bd6d74d45-2wfsr]:40482, remote=[model-performance-4ppu-7bd6d74d45-2wfsr]:37405): Broken pipe
Exception raised from sendBytes at /pytorch/torch/csrc/distributed/c10d/Utils.hpp:668 (most recent call first):
frame #0: c10::Error::Error(c10::SourceLocation, std::__cxx11::basic_string<char, std::char_traits<char>, std::allocator<char> >) + 0x94 (0x7f60828aa814 in /opt/ac2/lib/python3.12/site-packages/torch/lib/libc10.so)
frame #1: <unknown function> + 0x677d445 (0x7f60c15b7445 in /opt/ac2/lib/python3.12/site-packages/torch/lib/libtorch_cpu.so)
frame #2: <unknown function> + 0x677dcc4 (0x7f60c15b7cc4 in /opt/ac2/lib/python3.12/site-packages/torch/lib/libtorch_cpu.so)
frame #3: <unknown function> + 0x677fa95 (0x7f60c15b9a95 in /opt/ac2/lib/python3.12/site-packages/torch/lib/libtorch_cpu.so)
frame #4: c10d::TCPStore::check(std::vector<std::__cxx11::basic_string<char, std::char_traits<char>, std::allocator<char> >, std::allocator<std::__cxx11::basic_string<char, std::char_traits<char>, std::allocator<char> > > > const&) + 0x31e (0x7f60c15b3b5e in /opt/ac2/lib/python3.12/site-packages/torch/lib/libtorch_cpu.so)
frame #5: c10d::ProcessGroupNCCL::HeartbeatMonitor::runLoop() + 0x3e6 (0x7f6083f46b76 in /opt/ac2/lib/python3.12/site-packages/torch/lib/libtorch_cuda.so)
frame #6: <unknown function> + 0xecdb4 (0x7f60d27c0db4 in /lib/x86_64-linux-gnu/libstdc++.so.6)
frame #7: <unknown function> + 0x9caa4 (0x7f60d409caa4 in /lib/x86_64-linux-gnu/libc.so.6)
frame #8: <unknown function> + 0x129c6c (0x7f60d4129c6c in /lib/x86_64-linux-gnu/libc.so.6)

[rank3]:[W608 18:00:03.499892187 ProcessGroupNCCL.cpp:1775] [PG ID 0 PG GUID 0(default_pg) Rank 3] Failed to check the "should dump" flag on TCPStore, (maybe TCPStore server has shut down too early), with error: Broken pipe
[rank0]:[W608 18:00:03.537364563 TCPStore.cpp:106] [c10d] sendBytes failed on SocketImpl(fd=10, addr=[model-performance-4ppu-7bd6d74d45-2wfsr]:40486, remote=[model-performance-4ppu-7bd6d74d45-2wfsr]:37405): Broken pipe
Exception raised from sendBytes at /pytorch/torch/csrc/distributed/c10d/Utils.hpp:668 (most recent call first):
frame #0: c10::Error::Error(c10::SourceLocation, std::__cxx11::basic_string<char, std::char_traits<char>, std::allocator<char> >) + 0x94 (0x7fc56e327814 in /opt/ac2/lib/python3.12/site-packages/torch/lib/libc10.so)
frame #1: <unknown function> + 0x677d445 (0x7fc5ad034445 in /opt/ac2/lib/python3.12/site-packages/torch/lib/libtorch_cpu.so)
frame #2: <unknown function> + 0x677dcc4 (0x7fc5ad034cc4 in /opt/ac2/lib/python3.12/site-packages/torch/lib/libtorch_cpu.so)
frame #3: <unknown function> + 0x677fa95 (0x7fc5ad036a95 in /opt/ac2/lib/python3.12/site-packages/torch/lib/libtorch_cpu.so)
frame #4: c10d::TCPStore::check(std::vector<std::__cxx11::basic_string<char, std::char_traits<char>, std::allocator<char> >, std::allocator<std::__cxx11::basic_string<char, std::char_traits<char>, std::allocator<char> > > > const&) + 0x31e (0x7fc5ad030b5e in /opt/ac2/lib/python3.12/site-packages/torch/lib/libtorch_cpu.so)
frame #5: c10d::ProcessGroupNCCL::HeartbeatMonitor::runLoop() + 0x3e6 (0x7fc56f9c3b76 in /opt/ac2/lib/python3.12/site-packages/torch/lib/libtorch_cuda.so)
frame #6: <unknown function> + 0xecdb4 (0x7fc5be23ddb4 in /lib/x86_64-linux-gnu/libstdc++.so.6)
frame #7: <unknown function> + 0x9caa4 (0x7fc5bfa9caa4 in /lib/x86_64-linux-gnu/libc.so.6)
frame #8: <unknown function> + 0x129c6c (0x7fc5bfb29c6c in /lib/x86_64-linux-gnu/libc.so.6)

[rank0]:[W608 18:00:03.541205639 ProcessGroupNCCL.cpp:1775] [PG ID 0 PG GUID 0(default_pg) Rank 0] Failed to check the "should dump" flag on TCPStore, (maybe TCPStore server has shut down too early), with error: Broken pipe
[rank2]:[W608 18:00:04.497534089 TCPStore.cpp:106] [c10d] sendBytes failed on SocketImpl(fd=10, addr=[model-performance-4ppu-7bd6d74d45-2wfsr]:40464, remote=[model-performance-4ppu-7bd6d74d45-2wfsr]:37405): Broken pipe
Exception raised from sendBytes at /pytorch/torch/csrc/distributed/c10d/Utils.hpp:668 (most recent call first):
frame #0: c10::Error::Error(c10::SourceLocation, std::__cxx11::basic_string<char, std::char_traits<char>, std::allocator<char> >) + 0x94 (0x7f3f64fe0814 in /opt/ac2/lib/python3.12/site-packages/torch/lib/libc10.so)
frame #1: <unknown function> + 0x677d445 (0x7f3fa3ced445 in /opt/ac2/lib/python3.12/site-packages/torch/lib/libtorch_cpu.so)
frame #2: <unknown function> + 0x677dcc4 (0x7f3fa3cedcc4 in /opt/ac2/lib/python3.12/site-packages/torch/lib/libtorch_cpu.so)
frame #3: <unknown function> + 0x677fa95 (0x7f3fa3cefa95 in /opt/ac2/lib/python3.12/site-packages/torch/lib/libtorch_cpu.so)
frame #4: c10d::TCPStore::check(std::vector<std::__cxx11::basic_string<char, std::char_traits<char>, std::allocator<char> >, std::allocator<std::__cxx11::basic_string<char, std::char_traits<char>, std::allocator<char> > > > const&) + 0x31e (0x7f3fa3ce9b5e in /opt/ac2/lib/python3.12/site-packages/torch/lib/libtorch_cpu.so)
frame #5: c10d::ProcessGroupNCCL::HeartbeatMonitor::runLoop() + 0x3e6 (0x7f3f6667cb76 in /opt/ac2/lib/python3.12/site-packages/torch/lib/libtorch_cuda.so)
frame #6: <unknown function> + 0xecdb4 (0x7f3fb4ef6db4 in /lib/x86_64-linux-gnu/libstdc++.so.6)
frame #7: <unknown function> + 0x9caa4 (0x7f3fb689caa4 in /lib/x86_64-linux-gnu/libc.so.6)
frame #8: <unknown function> + 0x129c6c (0x7f3fb6929c6c in /lib/x86_64-linux-gnu/libc.so.6)

[rank2]:[W608 18:00:04.500923225 ProcessGroupNCCL.cpp:1775] [PG ID 0 PG GUID 0(default_pg) Rank 2] Failed to check the "should dump" flag on TCPStore, (maybe TCPStore server has shut down too early), with error: Broken pipe
[rank1]:[W608 18:00:04.499627458 TCPStore.cpp:106] [c10d] sendBytes failed on SocketImpl(fd=10, addr=[model-performance-4ppu-7bd6d74d45-2wfsr]:40474, remote=[model-performance-4ppu-7bd6d74d45-2wfsr]:37405): Broken pipe
Exception raised from sendBytes at /pytorch/torch/csrc/distributed/c10d/Utils.hpp:668 (most recent call first):
frame #0: c10::Error::Error(c10::SourceLocation, std::__cxx11::basic_string<char, std::char_traits<char>, std::allocator<char> >) + 0x94 (0x7f638566a814 in /opt/ac2/lib/python3.12/site-packages/torch/lib/libc10.so)
frame #1: <unknown function> + 0x677d445 (0x7f63c4377445 in /opt/ac2/lib/python3.12/site-packages/torch/lib/libtorch_cpu.so)
frame #2: <unknown function> + 0x677dcc4 (0x7f63c4377cc4 in /opt/ac2/lib/python3.12/site-packages/torch/lib/libtorch_cpu.so)
frame #3: <unknown function> + 0x677fa95 (0x7f63c4379a95 in /opt/ac2/lib/python3.12/site-packages/torch/lib/libtorch_cpu.so)
frame #4: c10d::TCPStore::check(std::vector<std::__cxx11::basic_string<char, std::char_traits<char>, std::allocator<char> >, std::allocator<std::__cxx11::basic_string<char, std::char_traits<char>, std::allocator<char> > > > const&) + 0x31e (0x7f63c4373b5e in /opt/ac2/lib/python3.12/site-packages/torch/lib/libtorch_cpu.so)
frame #5: c10d::ProcessGroupNCCL::HeartbeatMonitor::runLoop() + 0x3e6 (0x7f6386d06b76 in /opt/ac2/lib/python3.12/site-packages/torch/lib/libtorch_cuda.so)
frame #6: <unknown function> + 0xecdb4 (0x7f63d5580db4 in /lib/x86_64-linux-gnu/libstdc++.so.6)
frame #7: <unknown function> + 0x9caa4 (0x7f63d6e9caa4 in /lib/x86_64-linux-gnu/libc.so.6)
frame #8: <unknown function> + 0x129c6c (0x7f63d6f29c6c in /lib/x86_64-linux-gnu/libc.so.6)

[rank1]:[W608 18:00:04.502961677 ProcessGroupNCCL.cpp:1775] [PG ID 0 PG GUID 0(default_pg) Rank 1] Failed to check the "should dump" flag on TCPStore, (maybe TCPStore server has shut down too early), with error: Broken pipe
[rank3]:[W608 18:00:04.500017229 TCPStore.cpp:106] [c10d] sendBytes failed on SocketImpl(fd=10, addr=[model-performance-4ppu-7bd6d74d45-2wfsr]:40482, remote=[model-performance-4ppu-7bd6d74d45-2wfsr]:37405): Broken pipe
Exception raised from sendBytes at /pytorch/torch/csrc/distributed/c10d/Utils.hpp:668 (most recent call first):
frame #0: c10::Error::Error(c10::SourceLocation, std::__cxx11::basic_string<char, std::char_traits<char>, std::allocator<char> >) + 0x94 (0x7f60828aa814 in /opt/ac2/lib/python3.12/site-packages/torch/lib/libc10.so)
frame #1: <unknown function> + 0x677d445 (0x7f60c15b7445 in /opt/ac2/lib/python3.12/site-packages/torch/lib/libtorch_cpu.so)
frame #2: <unknown function> + 0x677dcc4 (0x7f60c15b7cc4 in /opt/ac2/lib/python3.12/site-packages/torch/lib/libtorch_cpu.so)
frame #3: <unknown function> + 0x677fa95 (0x7f60c15b9a95 in /opt/ac2/lib/python3.12/site-packages/torch/lib/libtorch_cpu.so)
frame #4: c10d::TCPStore::check(std::vector<std::__cxx11::basic_string<char, std::char_traits<char>, std::allocator<char> >, std::allocator<std::__cxx11::basic_string<char, std::char_traits<char>, std::allocator<char> > > > const&) + 0x31e (0x7f60c15b3b5e in /opt/ac2/lib/python3.12/site-packages/torch/lib/libtorch_cpu.so)
frame #5: c10d::ProcessGroupNCCL::HeartbeatMonitor::runLoop() + 0x3e6 (0x7f6083f46b76 in /opt/ac2/lib/python3.12/site-packages/torch/lib/libtorch_cuda.so)
frame #6: <unknown function> + 0xecdb4 (0x7f60d27c0db4 in /lib/x86_64-linux-gnu/libstdc++.so.6)
frame #7: <unknown function> + 0x9caa4 (0x7f60d409caa4 in /lib/x86_64-linux-gnu/libc.so.6)
frame #8: <unknown function> + 0x129c6c (0x7f60d4129c6c in /lib/x86_64-linux-gnu/libc.so.6)

[rank3]:[W608 18:00:04.503296459 ProcessGroupNCCL.cpp:1775] [PG ID 0 PG GUID 0(default_pg) Rank 3] Failed to check the "should dump" flag on TCPStore, (maybe TCPStore server has shut down too early), with error: Broken pipe
[rank0]:[W608 18:00:04.541320935 TCPStore.cpp:106] [c10d] sendBytes failed on SocketImpl(fd=10, addr=[model-performance-4ppu-7bd6d74d45-2wfsr]:40486, remote=[model-performance-4ppu-7bd6d74d45-2wfsr]:37405): Broken pipe
Exception raised from sendBytes at /pytorch/torch/csrc/distributed/c10d/Utils.hpp:668 (most recent call first):
frame #0: c10::Error::Error(c10::SourceLocation, std::__cxx11::basic_string<char, std::char_traits<char>, std::allocator<char> >) + 0x94 (0x7fc56e327814 in /opt/ac2/lib/python3.12/site-packages/torch/lib/libc10.so)
frame #1: <unknown function> + 0x677d445 (0x7fc5ad034445 in /opt/ac2/lib/python3.12/site-packages/torch/lib/libtorch_cpu.so)
frame #2: <unknown function> + 0x677dcc4 (0x7fc5ad034cc4 in /opt/ac2/lib/python3.12/site-packages/torch/lib/libtorch_cpu.so)
frame #3: <unknown function> + 0x677fa95 (0x7fc5ad036a95 in /opt/ac2/lib/python3.12/site-packages/torch/lib/libtorch_cpu.so)
frame #4: c10d::TCPStore::check(std::vector<std::__cxx11::basic_string<char, std::char_traits<char>, std::allocator<char> >, std::allocator<std::__cxx11::basic_string<char, std::char_traits<char>, std::allocator<char> > > > const&) + 0x31e (0x7fc5ad030b5e in /opt/ac2/lib/python3.12/site-packages/torch/lib/libtorch_cpu.so)
frame #5: c10d::ProcessGroupNCCL::HeartbeatMonitor::runLoop() + 0x3e6 (0x7fc56f9c3b76 in /opt/ac2/lib/python3.12/site-packages/torch/lib/libtorch_cuda.so)
frame #6: <unknown function> + 0xecdb4 (0x7fc5be23ddb4 in /lib/x86_64-linux-gnu/libstdc++.so.6)
frame #7: <unknown function> + 0x9caa4 (0x7fc5bfa9caa4 in /lib/x86_64-linux-gnu/libc.so.6)
frame #8: <unknown function> + 0x129c6c (0x7fc5bfb29c6c in /lib/x86_64-linux-gnu/libc.so.6)

[rank0]:[W608 18:00:04.544653627 ProcessGroupNCCL.cpp:1775] [PG ID 0 PG GUID 0(default_pg) Rank 0] Failed to check the "should dump" flag on TCPStore, (maybe TCPStore server has shut down too early), with error: Broken pipe


Storage layout: Caching (HBM cache + Host full backing; HBM rows duplicate Host)
--------------------+---------+-----------+-----------+---------------------
        tier        |  table  |  init(MB) |  peak(MB) |   emb/opt peak(MB)  
--------------------+---------+-----------+-----------+---------------------
hbm cache/cuda:0    | item    | 14653.5   | 14648.438 | 4882.812 / 9765.625 
                    | user_id | 14653.5   | 14648.438 | 4882.812 / 9765.625 
                    | --------+-----------+-----------+---------------------
                    | TOTAL   | 29307     | 29296.875 | 9765.625 / 19531.25 
--------------------+---------+-----------+-----------+---------------------
host backing (full) | item    | 18310.688 | 18310.688 | 6103.562 / 12207.125
                    | user_id | 18310.688 | 18310.688 | 6103.562 / 12207.125
                    | --------+-----------+-----------+---------------------
                    | TOTAL   | 36621.375 | 36621.375 | 12207.125 / 24414.25
--------------------+---------+-----------+-----------+---------------------
Note: HBM cache rows duplicate backing rows; total memory ≈ HBM cache + Host/PS backing (no subtract).
WARNING:torchrec.distributed.utils:Sharding Type is data_parallel, caching params will be ignored
WARNING:torchrec.distributed.utils:Sharding Type is data_parallel, caching params will be ignored
WARNING:torchrec.distributed.utils:Sharding Type is data_parallel, caching params will be ignored
[rank0]:[W608 18:00:05.194033592 TCPStore.cpp:106] [c10d] sendBytes failed on SocketImpl(fd=10, addr=[model-performance-4ppu-7bd6d74d45-2wfsr]:40486, remote=[model-performance-4ppu-7bd6d74d45-2wfsr]:37405): Broken pipe
Exception raised from sendBytes at /pytorch/torch/csrc/distributed/c10d/Utils.hpp:668 (most recent call first):
frame #0: c10::Error::Error(c10::SourceLocation, std::__cxx11::basic_string<char, std::char_traits<char>, std::allocator<char> >) + 0x94 (0x7fc56e327814 in /opt/ac2/lib/python3.12/site-packages/torch/lib/libc10.so)
frame #1: <unknown function> + 0x677d445 (0x7fc5ad034445 in /opt/ac2/lib/python3.12/site-packages/torch/lib/libtorch_cpu.so)
frame #2: <unknown function> + 0x677dcc4 (0x7fc5ad034cc4 in /opt/ac2/lib/python3.12/site-packages/torch/lib/libtorch_cpu.so)
frame #3: <unknown function> + 0x677fa95 (0x7fc5ad036a95 in /opt/ac2/lib/python3.12/site-packages/torch/lib/libtorch_cpu.so)
frame #4: c10d::TCPStore::set(std::__cxx11::basic_string<char, std::char_traits<char>, std::allocator<char> > const&, std::vector<unsigned char, std::allocator<unsigned char> > const&) + 0x1ca (0x7fc5ad02f99a in /opt/ac2/lib/python3.12/site-packages/torch/lib/libtorch_cpu.so)
frame #5: c10d::PrefixStore::set(std::__cxx11::basic_string<char, std::char_traits<char>, std::allocator<char> > const&, std::vector<unsigned char, std::allocator<unsigned char> > const&) + 0x4a (0x7fc5acfc379a in /opt/ac2/lib/python3.12/site-packages/torch/lib/libtorch_cpu.so)
frame #6: c10d::PrefixStore::set(std::__cxx11::basic_string<char, std::char_traits<char>, std::allocator<char> > const&, std::vector<unsigned char, std::allocator<unsigned char> > const&) + 0x4a (0x7fc5acfc379a in /opt/ac2/lib/python3.12/site-packages/torch/lib/libtorch_cpu.so)
frame #7: c10d::PrefixStore::set(std::__cxx11::basic_string<char, std::char_traits<char>, std::allocator<char> > const&, std::vector<unsigned char, std::allocator<unsigned char> > const&) + 0x4a (0x7fc5acfc379a in /opt/ac2/lib/python3.12/site-packages/torch/lib/libtorch_cpu.so)
frame #8: c10d::PrefixStore::set(std::__cxx11::basic_string<char, std::char_traits<char>, std::allocator<char> > const&, std::vector<unsigned char, std::allocator<unsigned char> > const&) + 0x4a (0x7fc5acfc379a in /opt/ac2/lib/python3.12/site-packages/torch/lib/libtorch_cpu.so)
frame #9: c10d::ProcessGroupNCCL::broadcastUniqueNCCLID(ncclUniqueId*, bool, std::__cxx11::basic_string<char, std::char_traits<char>, std::allocator<char> > const&, int) + 0x702 (0x7fc56f9ce072 in /opt/ac2/lib/python3.12/site-packages/torch/lib/libtorch_cuda.so)
frame #10: c10d::ProcessGroupNCCL::initNCCLComm(std::__cxx11::basic_string<char, std::char_traits<char>, std::allocator<char> > const&, c10::Device&, c10d::OpType, int, bool) + 0x1c29 (0x7fc56f9d0b29 in /opt/ac2/lib/python3.12/site-packages/torch/lib/libtorch_cuda.so)
frame #11: c10d::ProcessGroupNCCL::broadcast(std::vector<at::Tensor, std::allocator<at::Tensor> >&, c10d::BroadcastOptions const&) + 0x14ac (0x7fc56f9da23c in /opt/ac2/lib/python3.12/site-packages/torch/lib/libtorch_cuda.so)
frame #12: <unknown function> + 0x66f9a26 (0x7fc5acfb0a26 in /opt/ac2/lib/python3.12/site-packages/torch/lib/libtorch_cpu.so)
frame #13: <unknown function> + 0x670b814 (0x7fc5acfc2814 in /opt/ac2/lib/python3.12/site-packages/torch/lib/libtorch_cpu.so)
frame #14: <unknown function> + 0x5b3a10f (0x7fc5ac3f110f in /opt/ac2/lib/python3.12/site-packages/torch/lib/libtorch_cpu.so)
frame #15: <unknown function> + 0x673009c (0x7fc5acfe709c in /opt/ac2/lib/python3.12/site-packages/torch/lib/libtorch_cpu.so)
frame #16: <unknown function> + 0xfad288 (0x7fc5bd4fc288 in /opt/ac2/lib/python3.12/site-packages/torch/lib/libtorch_python.so)
frame #17: <unknown function> + 0x4fb5b7 (0x7fc5bca4a5b7 in /opt/ac2/lib/python3.12/site-packages/torch/lib/libtorch_python.so)
frame #18: <unknown function> + 0x19f1d3 (0x5621a039f1d3 in /opt/ac2/bin/python)
frame #19: _PyObject_MakeTpCall + 0x9f (0x5621a0393c2f in /opt/ac2/bin/python)
frame #20: _PyEval_EvalFrameDefault + 0x822c (0x5621a0307b4c in /opt/ac2/bin/python)
frame #21: PyEval_EvalCode + 0xa3 (0x5621a0529d43 in /opt/ac2/bin/python)
frame #22: <unknown function> + 0x32d728 (0x5621a052d728 in /opt/ac2/bin/python)
frame #23: <unknown function> + 0x32d825 (0x5621a052d825 in /opt/ac2/bin/python)
frame #24: <unknown function> + 0x32d933 (0x5621a052d933 in /opt/ac2/bin/python)
frame #25: _PyRun_SimpleFileObject + 0x1e6 (0x5621a0561bb6 in /opt/ac2/bin/python)
frame #26: _PyRun_AnyFileObject + 0x40 (0x5621a0562350 in /opt/ac2/bin/python)
frame #27: Py_RunMain + 0xaa9 (0x5621a0566cd9 in /opt/ac2/bin/python)
frame #28: <unknown function> + 0x2a1ca (0x7fc5bfa2a1ca in /lib/x86_64-linux-gnu/libc.so.6)
frame #29: __libc_start_main + 0x8b (0x7fc5bfa2a28b in /lib/x86_64-linux-gnu/libc.so.6)
frame #30: _start + 0x25 (0x5621a030bb25 in /opt/ac2/bin/python)

[rank0]: Traceback (most recent call last):
[rank0]:   File "/workspace/recsys-examples/examples/hstu/training/pretrain_gr_ranking.py", line 203, in <module>
[rank0]:     main()
[rank0]:   File "/workspace/recsys-examples/examples/hstu/training/pretrain_gr_ranking.py", line 120, in main
[rank0]:     model_train, dense_optimizer = make_optimizer_and_shard(
[rank0]:                                    ^^^^^^^^^^^^^^^^^^^^^^^^^
[rank0]:   File "/workspace/recsys-examples/examples/commons/distributed/sharding.py", line 293, in make_optimizer_and_shard
[rank0]:     model, dense_optimizer = apply_megatron_ddp(
[rank0]:                              ^^^^^^^^^^^^^^^^^^^
[rank0]:   File "/workspace/recsys-examples/examples/commons/distributed/sharding.py", line 118, in apply_megatron_ddp
[rank0]:     broadcast_params_for_non_model_parallel_embedding_modules()
[rank0]:   File "/workspace/recsys-examples/examples/commons/distributed/sharding.py", line 112, in broadcast_params_for_non_model_parallel_embedding_modules
[rank0]:     dist.broadcast(
[rank0]:   File "/opt/ac2/lib/python3.12/site-packages/torch/distributed/c10d_logger.py", line 81, in wrapper
[rank0]:     return func(*args, **kwargs)
[rank0]:            ^^^^^^^^^^^^^^^^^^^^^
[rank0]:   File "/opt/ac2/lib/python3.12/site-packages/torch/distributed/distributed_c10d.py", line 2835, in broadcast
[rank0]:     work = group.broadcast([tensor], opts)
[rank0]:            ^^^^^^^^^^^^^^^^^^^^^^^^^^^^^^^
[rank0]: torch.distributed.DistNetworkError: Broken pipe
[rank2]:[W608 18:00:05.501054801 TCPStore.cpp:106] [c10d] sendBytes failed on SocketImpl(fd=10, addr=[model-performance-4ppu-7bd6d74d45-2wfsr]:40464, remote=[model-performance-4ppu-7bd6d74d45-2wfsr]:37405): Broken pipe
Exception raised from sendBytes at /pytorch/torch/csrc/distributed/c10d/Utils.hpp:668 (most recent call first):
frame #0: c10::Error::Error(c10::SourceLocation, std::__cxx11::basic_string<char, std::char_traits<char>, std::allocator<char> >) + 0x94 (0x7f3f64fe0814 in /opt/ac2/lib/python3.12/site-packages/torch/lib/libc10.so)
frame #1: <unknown function> + 0x677d445 (0x7f3fa3ced445 in /opt/ac2/lib/python3.12/site-packages/torch/lib/libtorch_cpu.so)
frame #2: <unknown function> + 0x677dcc4 (0x7f3fa3cedcc4 in /opt/ac2/lib/python3.12/site-packages/torch/lib/libtorch_cpu.so)
frame #3: <unknown function> + 0x677fa95 (0x7f3fa3cefa95 in /opt/ac2/lib/python3.12/site-packages/torch/lib/libtorch_cpu.so)
frame #4: c10d::TCPStore::check(std::vector<std::__cxx11::basic_string<char, std::char_traits<char>, std::allocator<char> >, std::allocator<std::__cxx11::basic_string<char, std::char_traits<char>, std::allocator<char> > > > const&) + 0x31e (0x7f3fa3ce9b5e in /opt/ac2/lib/python3.12/site-packages/torch/lib/libtorch_cpu.so)
frame #5: c10d::ProcessGroupNCCL::HeartbeatMonitor::runLoop() + 0x3e6 (0x7f3f6667cb76 in /opt/ac2/lib/python3.12/site-packages/torch/lib/libtorch_cuda.so)
frame #6: <unknown function> + 0xecdb4 (0x7f3fb4ef6db4 in /lib/x86_64-linux-gnu/libstdc++.so.6)
frame #7: <unknown function> + 0x9caa4 (0x7f3fb689caa4 in /lib/x86_64-linux-gnu/libc.so.6)
frame #8: <unknown function> + 0x129c6c (0x7f3fb6929c6c in /lib/x86_64-linux-gnu/libc.so.6)

[rank2]:[W608 18:00:05.504412940 ProcessGroupNCCL.cpp:1775] [PG ID 0 PG GUID 0(default_pg) Rank 2] Failed to check the "should dump" flag on TCPStore, (maybe TCPStore server has shut down too early), with error: Broken pipe
[rank1]:[W608 18:00:05.503084473 TCPStore.cpp:106] [c10d] sendBytes failed on SocketImpl(fd=10, addr=[model-performance-4ppu-7bd6d74d45-2wfsr]:40474, remote=[model-performance-4ppu-7bd6d74d45-2wfsr]:37405): Broken pipe
Exception raised from sendBytes at /pytorch/torch/csrc/distributed/c10d/Utils.hpp:668 (most recent call first):
frame #0: c10::Error::Error(c10::SourceLocation, std::__cxx11::basic_string<char, std::char_traits<char>, std::allocator<char> >) + 0x94 (0x7f638566a814 in /opt/ac2/lib/python3.12/site-packages/torch/lib/libc10.so)
frame #1: <unknown function> + 0x677d445 (0x7f63c4377445 in /opt/ac2/lib/python3.12/site-packages/torch/lib/libtorch_cpu.so)
frame #2: <unknown function> + 0x677dcc4 (0x7f63c4377cc4 in /opt/ac2/lib/python3.12/site-packages/torch/lib/libtorch_cpu.so)
frame #3: <unknown function> + 0x677fa95 (0x7f63c4379a95 in /opt/ac2/lib/python3.12/site-packages/torch/lib/libtorch_cpu.so)
frame #4: c10d::TCPStore::check(std::vector<std::__cxx11::basic_string<char, std::char_traits<char>, std::allocator<char> >, std::allocator<std::__cxx11::basic_string<char, std::char_traits<char>, std::allocator<char> > > > const&) + 0x31e (0x7f63c4373b5e in /opt/ac2/lib/python3.12/site-packages/torch/lib/libtorch_cpu.so)
frame #5: c10d::ProcessGroupNCCL::HeartbeatMonitor::runLoop() + 0x3e6 (0x7f6386d06b76 in /opt/ac2/lib/python3.12/site-packages/torch/lib/libtorch_cuda.so)
frame #6: <unknown function> + 0xecdb4 (0x7f63d5580db4 in /lib/x86_64-linux-gnu/libstdc++.so.6)
frame #7: <unknown function> + 0x9caa4 (0x7f63d6e9caa4 in /lib/x86_64-linux-gnu/libc.so.6)
frame #8: <unknown function> + 0x129c6c (0x7f63d6f29c6c in /lib/x86_64-linux-gnu/libc.so.6)

[rank1]:[W608 18:00:05.506428928 ProcessGroupNCCL.cpp:1775] [PG ID 0 PG GUID 0(default_pg) Rank 1] Failed to check the "should dump" flag on TCPStore, (maybe TCPStore server has shut down too early), with error: Broken pipe
[rank3]:[W608 18:00:05.503426560 TCPStore.cpp:106] [c10d] sendBytes failed on SocketImpl(fd=10, addr=[model-performance-4ppu-7bd6d74d45-2wfsr]:40482, remote=[model-performance-4ppu-7bd6d74d45-2wfsr]:37405): Broken pipe
Exception raised from sendBytes at /pytorch/torch/csrc/distributed/c10d/Utils.hpp:668 (most recent call first):
frame #0: c10::Error::Error(c10::SourceLocation, std::__cxx11::basic_string<char, std::char_traits<char>, std::allocator<char> >) + 0x94 (0x7f60828aa814 in /opt/ac2/lib/python3.12/site-packages/torch/lib/libc10.so)
frame #1: <unknown function> + 0x677d445 (0x7f60c15b7445 in /opt/ac2/lib/python3.12/site-packages/torch/lib/libtorch_cpu.so)
frame #2: <unknown function> + 0x677dcc4 (0x7f60c15b7cc4 in /opt/ac2/lib/python3.12/site-packages/torch/lib/libtorch_cpu.so)
frame #3: <unknown function> + 0x677fa95 (0x7f60c15b9a95 in /opt/ac2/lib/python3.12/site-packages/torch/lib/libtorch_cpu.so)
frame #4: c10d::TCPStore::check(std::vector<std::__cxx11::basic_string<char, std::char_traits<char>, std::allocator<char> >, std::allocator<std::__cxx11::basic_string<char, std::char_traits<char>, std::allocator<char> > > > const&) + 0x31e (0x7f60c15b3b5e in /opt/ac2/lib/python3.12/site-packages/torch/lib/libtorch_cpu.so)
frame #5: c10d::ProcessGroupNCCL::HeartbeatMonitor::runLoop() + 0x3e6 (0x7f6083f46b76 in /opt/ac2/lib/python3.12/site-packages/torch/lib/libtorch_cuda.so)
frame #6: <unknown function> + 0xecdb4 (0x7f60d27c0db4 in /lib/x86_64-linux-gnu/libstdc++.so.6)
frame #7: <unknown function> + 0x9caa4 (0x7f60d409caa4 in /lib/x86_64-linux-gnu/libc.so.6)
frame #8: <unknown function> + 0x129c6c (0x7f60d4129c6c in /lib/x86_64-linux-gnu/libc.so.6)

[rank3]:[W608 18:00:05.506719263 ProcessGroupNCCL.cpp:1775] [PG ID 0 PG GUID 0(default_pg) Rank 3] Failed to check the "should dump" flag on TCPStore, (maybe TCPStore server has shut down too early), with error: Broken pipe
[rank0]:[W608 18:00:05.544764302 TCPStore.cpp:106] [c10d] sendBytes failed on SocketImpl(fd=10, addr=[model-performance-4ppu-7bd6d74d45-2wfsr]:40486, remote=[model-performance-4ppu-7bd6d74d45-2wfsr]:37405): Broken pipe
Exception raised from sendBytes at /pytorch/torch/csrc/distributed/c10d/Utils.hpp:668 (most recent call first):
frame #0: c10::Error::Error(c10::SourceLocation, std::__cxx11::basic_string<char, std::char_traits<char>, std::allocator<char> >) + 0x94 (0x7fc56e327814 in /opt/ac2/lib/python3.12/site-packages/torch/lib/libc10.so)
frame #1: <unknown function> + 0x677d445 (0x7fc5ad034445 in /opt/ac2/lib/python3.12/site-packages/torch/lib/libtorch_cpu.so)
frame #2: <unknown function> + 0x677dcc4 (0x7fc5ad034cc4 in /opt/ac2/lib/python3.12/site-packages/torch/lib/libtorch_cpu.so)
frame #3: <unknown function> + 0x677fa95 (0x7fc5ad036a95 in /opt/ac2/lib/python3.12/site-packages/torch/lib/libtorch_cpu.so)
frame #4: c10d::TCPStore::check(std::vector<std::__cxx11::basic_string<char, std::char_traits<char>, std::allocator<char> >, std::allocator<std::__cxx11::basic_string<char, std::char_traits<char>, std::allocator<char> > > > const&) + 0x31e (0x7fc5ad030b5e in /opt/ac2/lib/python3.12/site-packages/torch/lib/libtorch_cpu.so)
frame #5: c10d::ProcessGroupNCCL::HeartbeatMonitor::runLoop() + 0x3e6 (0x7fc56f9c3b76 in /opt/ac2/lib/python3.12/site-packages/torch/lib/libtorch_cuda.so)
frame #6: <unknown function> + 0xecdb4 (0x7fc5be23ddb4 in /lib/x86_64-linux-gnu/libstdc++.so.6)
frame #7: <unknown function> + 0x9caa4 (0x7fc5bfa9caa4 in /lib/x86_64-linux-gnu/libc.so.6)
frame #8: <unknown function> + 0x129c6c (0x7fc5bfb29c6c in /lib/x86_64-linux-gnu/libc.so.6)

[rank0]:[W608 18:00:06.548047420 ProcessGroupNCCL.cpp:1775] [PG ID 0 PG GUID 0(default_pg) Rank 0] Failed to check the "should dump" flag on TCPStore, (maybe TCPStore server has shut down too early), with error: Broken pipe
[rank0]:[W608 18:00:06.686995506 ProcessGroupNCCL.cpp:1528] Warning: WARNING: destroy_process_group() was not called before program exit, which can leak resources. For more info, please see https://pytorch.org/docs/stable/distributed.html#shutdown (function operator())
[rank2]:[W608 18:00:06.504559407 TCPStore.cpp:106] [c10d] sendBytes failed on SocketImpl(fd=10, addr=[model-performance-4ppu-7bd6d74d45-2wfsr]:40464, remote=[model-performance-4ppu-7bd6d74d45-2wfsr]:37405): Broken pipe
Exception raised from sendBytes at /pytorch/torch/csrc/distributed/c10d/Utils.hpp:668 (most recent call first):
frame #0: c10::Error::Error(c10::SourceLocation, std::__cxx11::basic_string<char, std::char_traits<char>, std::allocator<char> >) + 0x94 (0x7f3f64fe0814 in /opt/ac2/lib/python3.12/site-packages/torch/lib/libc10.so)
frame #1: <unknown function> + 0x677d445 (0x7f3fa3ced445 in /opt/ac2/lib/python3.12/site-packages/torch/lib/libtorch_cpu.so)
frame #2: <unknown function> + 0x677dcc4 (0x7f3fa3cedcc4 in /opt/ac2/lib/python3.12/site-packages/torch/lib/libtorch_cpu.so)
frame #3: <unknown function> + 0x677fa95 (0x7f3fa3cefa95 in /opt/ac2/lib/python3.12/site-packages/torch/lib/libtorch_cpu.so)
frame #4: c10d::TCPStore::check(std::vector<std::__cxx11::basic_string<char, std::char_traits<char>, std::allocator<char> >, std::allocator<std::__cxx11::basic_string<char, std::char_traits<char>, std::allocator<char> > > > const&) + 0x31e (0x7f3fa3ce9b5e in /opt/ac2/lib/python3.12/site-packages/torch/lib/libtorch_cpu.so)
frame #5: c10d::ProcessGroupNCCL::HeartbeatMonitor::runLoop() + 0x3e6 (0x7f3f6667cb76 in /opt/ac2/lib/python3.12/site-packages/torch/lib/libtorch_cuda.so)
frame #6: <unknown function> + 0xecdb4 (0x7f3fb4ef6db4 in /lib/x86_64-linux-gnu/libstdc++.so.6)
frame #7: <unknown function> + 0x9caa4 (0x7f3fb689caa4 in /lib/x86_64-linux-gnu/libc.so.6)
frame #8: <unknown function> + 0x129c6c (0x7f3fb6929c6c in /lib/x86_64-linux-gnu/libc.so.6)

[rank2]:[W608 18:00:06.507934464 ProcessGroupNCCL.cpp:1775] [PG ID 0 PG GUID 0(default_pg) Rank 2] Failed to check the "should dump" flag on TCPStore, (maybe TCPStore server has shut down too early), with error: Broken pipe
[rank1]:[W608 18:00:06.506551599 TCPStore.cpp:106] [c10d] sendBytes failed on SocketImpl(fd=10, addr=[model-performance-4ppu-7bd6d74d45-2wfsr]:40474, remote=[model-performance-4ppu-7bd6d74d45-2wfsr]:37405): Broken pipe
Exception raised from sendBytes at /pytorch/torch/csrc/distributed/c10d/Utils.hpp:668 (most recent call first):
frame #0: c10::Error::Error(c10::SourceLocation, std::__cxx11::basic_string<char, std::char_traits<char>, std::allocator<char> >) + 0x94 (0x7f638566a814 in /opt/ac2/lib/python3.12/site-packages/torch/lib/libc10.so)
frame #1: <unknown function> + 0x677d445 (0x7f63c4377445 in /opt/ac2/lib/python3.12/site-packages/torch/lib/libtorch_cpu.so)
frame #2: <unknown function> + 0x677dcc4 (0x7f63c4377cc4 in /opt/ac2/lib/python3.12/site-packages/torch/lib/libtorch_cpu.so)
frame #3: <unknown function> + 0x677fa95 (0x7f63c4379a95 in /opt/ac2/lib/python3.12/site-packages/torch/lib/libtorch_cpu.so)
frame #4: c10d::TCPStore::check(std::vector<std::__cxx11::basic_string<char, std::char_traits<char>, std::allocator<char> >, std::allocator<std::__cxx11::basic_string<char, std::char_traits<char>, std::allocator<char> > > > const&) + 0x31e (0x7f63c4373b5e in /opt/ac2/lib/python3.12/site-packages/torch/lib/libtorch_cpu.so)
frame #5: c10d::ProcessGroupNCCL::HeartbeatMonitor::runLoop() + 0x3e6 (0x7f6386d06b76 in /opt/ac2/lib/python3.12/site-packages/torch/lib/libtorch_cuda.so)
frame #6: <unknown function> + 0xecdb4 (0x7f63d5580db4 in /lib/x86_64-linux-gnu/libstdc++.so.6)
frame #7: <unknown function> + 0x9caa4 (0x7f63d6e9caa4 in /lib/x86_64-linux-gnu/libc.so.6)
frame #8: <unknown function> + 0x129c6c (0x7f63d6f29c6c in /lib/x86_64-linux-gnu/libc.so.6)

[rank1]:[W608 18:00:06.509867901 ProcessGroupNCCL.cpp:1775] [PG ID 0 PG GUID 0(default_pg) Rank 1] Failed to check the "should dump" flag on TCPStore, (maybe TCPStore server has shut down too early), with error: Broken pipe
[rank3]:[W608 18:00:06.506845337 TCPStore.cpp:106] [c10d] sendBytes failed on SocketImpl(fd=10, addr=[model-performance-4ppu-7bd6d74d45-2wfsr]:40482, remote=[model-performance-4ppu-7bd6d74d45-2wfsr]:37405): Broken pipe
Exception raised from sendBytes at /pytorch/torch/csrc/distributed/c10d/Utils.hpp:668 (most recent call first):
frame #0: c10::Error::Error(c10::SourceLocation, std::__cxx11::basic_string<char, std::char_traits<char>, std::allocator<char> >) + 0x94 (0x7f60828aa814 in /opt/ac2/lib/python3.12/site-packages/torch/lib/libc10.so)
frame #1: <unknown function> + 0x677d445 (0x7f60c15b7445 in /opt/ac2/lib/python3.12/site-packages/torch/lib/libtorch_cpu.so)
frame #2: <unknown function> + 0x677dcc4 (0x7f60c15b7cc4 in /opt/ac2/lib/python3.12/site-packages/torch/lib/libtorch_cpu.so)
frame #3: <unknown function> + 0x677fa95 (0x7f60c15b9a95 in /opt/ac2/lib/python3.12/site-packages/torch/lib/libtorch_cpu.so)
frame #4: c10d::TCPStore::check(std::vector<std::__cxx11::basic_string<char, std::char_traits<char>, std::allocator<char> >, std::allocator<std::__cxx11::basic_string<char, std::char_traits<char>, std::allocator<char> > > > const&) + 0x31e (0x7f60c15b3b5e in /opt/ac2/lib/python3.12/site-packages/torch/lib/libtorch_cpu.so)
frame #5: c10d::ProcessGroupNCCL::HeartbeatMonitor::runLoop() + 0x3e6 (0x7f6083f46b76 in /opt/ac2/lib/python3.12/site-packages/torch/lib/libtorch_cuda.so)
frame #6: <unknown function> + 0xecdb4 (0x7f60d27c0db4 in /lib/x86_64-linux-gnu/libstdc++.so.6)
frame #7: <unknown function> + 0x9caa4 (0x7f60d409caa4 in /lib/x86_64-linux-gnu/libc.so.6)
frame #8: <unknown function> + 0x129c6c (0x7f60d4129c6c in /lib/x86_64-linux-gnu/libc.so.6)

[rank3]:[W608 18:00:06.510121504 ProcessGroupNCCL.cpp:1775] [PG ID 0 PG GUID 0(default_pg) Rank 3] Failed to check the "should dump" flag on TCPStore, (maybe TCPStore server has shut down too early), with error: Broken pipe
[rank0]:[W608 18:00:07.548164166 TCPStore.cpp:106] [c10d] sendBytes failed on SocketImpl(fd=10, addr=[model-performance-4ppu-7bd6d74d45-2wfsr]:40486, remote=[model-performance-4ppu-7bd6d74d45-2wfsr]:37405): Broken pipe
Exception raised from sendBytes at /pytorch/torch/csrc/distributed/c10d/Utils.hpp:668 (most recent call first):
frame #0: c10::Error::Error(c10::SourceLocation, std::__cxx11::basic_string<char, std::char_traits<char>, std::allocator<char> >) + 0x94 (0x7fc56e327814 in /opt/ac2/lib/python3.12/site-packages/torch/lib/libc10.so)
frame #1: <unknown function> + 0x677d445 (0x7fc5ad034445 in /opt/ac2/lib/python3.12/site-packages/torch/lib/libtorch_cpu.so)
frame #2: <unknown function> + 0x677dcc4 (0x7fc5ad034cc4 in /opt/ac2/lib/python3.12/site-packages/torch/lib/libtorch_cpu.so)
frame #3: <unknown function> + 0x677fa95 (0x7fc5ad036a95 in /opt/ac2/lib/python3.12/site-packages/torch/lib/libtorch_cpu.so)
frame #4: c10d::TCPStore::check(std::vector<std::__cxx11::basic_string<char, std::char_traits<char>, std::allocator<char> >, std::allocator<std::__cxx11::basic_string<char, std::char_traits<char>, std::allocator<char> > > > const&) + 0x31e (0x7fc5ad030b5e in /opt/ac2/lib/python3.12/site-packages/torch/lib/libtorch_cpu.so)
frame #5: c10d::ProcessGroupNCCL::HeartbeatMonitor::runLoop() + 0x3e6 (0x7fc56f9c3b76 in /opt/ac2/lib/python3.12/site-packages/torch/lib/libtorch_cuda.so)
frame #6: <unknown function> + 0xecdb4 (0x7fc5be23ddb4 in /lib/x86_64-linux-gnu/libstdc++.so.6)
frame #7: <unknown function> + 0x9caa4 (0x7fc5bfa9caa4 in /lib/x86_64-linux-gnu/libc.so.6)
frame #8: <unknown function> + 0x129c6c (0x7fc5bfb29c6c in /lib/x86_64-linux-gnu/libc.so.6)

[rank0]:[W608 18:00:07.551487444 ProcessGroupNCCL.cpp:1775] [PG ID 0 PG GUID 0(default_pg) Rank 0] Failed to check the "should dump" flag on TCPStore, (maybe TCPStore server has shut down too early), with error: Broken pipe
[rank2]:[W608 18:00:07.508073075 TCPStore.cpp:106] [c10d] sendBytes failed on SocketImpl(fd=10, addr=[model-performance-4ppu-7bd6d74d45-2wfsr]:40464, remote=[model-performance-4ppu-7bd6d74d45-2wfsr]:37405): Broken pipe
Exception raised from sendBytes at /pytorch/torch/csrc/distributed/c10d/Utils.hpp:668 (most recent call first):
frame #0: c10::Error::Error(c10::SourceLocation, std::__cxx11::basic_string<char, std::char_traits<char>, std::allocator<char> >) + 0x94 (0x7f3f64fe0814 in /opt/ac2/lib/python3.12/site-packages/torch/lib/libc10.so)
frame #1: <unknown function> + 0x677d445 (0x7f3fa3ced445 in /opt/ac2/lib/python3.12/site-packages/torch/lib/libtorch_cpu.so)
frame #2: <unknown function> + 0x677dcc4 (0x7f3fa3cedcc4 in /opt/ac2/lib/python3.12/site-packages/torch/lib/libtorch_cpu.so)
frame #3: <unknown function> + 0x677fa95 (0x7f3fa3cefa95 in /opt/ac2/lib/python3.12/site-packages/torch/lib/libtorch_cpu.so)
frame #4: c10d::TCPStore::check(std::vector<std::__cxx11::basic_string<char, std::char_traits<char>, std::allocator<char> >, std::allocator<std::__cxx11::basic_string<char, std::char_traits<char>, std::allocator<char> > > > const&) + 0x31e (0x7f3fa3ce9b5e in /opt/ac2/lib/python3.12/site-packages/torch/lib/libtorch_cpu.so)
frame #5: c10d::ProcessGroupNCCL::HeartbeatMonitor::runLoop() + 0x3e6 (0x7f3f6667cb76 in /opt/ac2/lib/python3.12/site-packages/torch/lib/libtorch_cuda.so)
frame #6: <unknown function> + 0xecdb4 (0x7f3fb4ef6db4 in /lib/x86_64-linux-gnu/libstdc++.so.6)
frame #7: <unknown function> + 0x9caa4 (0x7f3fb689caa4 in /lib/x86_64-linux-gnu/libc.so.6)
frame #8: <unknown function> + 0x129c6c (0x7f3fb6929c6c in /lib/x86_64-linux-gnu/libc.so.6)

[rank2]:[W608 18:00:07.511833591 ProcessGroupNCCL.cpp:1775] [PG ID 0 PG GUID 0(default_pg) Rank 2] Failed to check the "should dump" flag on TCPStore, (maybe TCPStore server has shut down too early), with error: Broken pipe
[rank3]:[W608 18:00:07.510248248 TCPStore.cpp:106] [c10d] sendBytes failed on SocketImpl(fd=10, addr=[model-performance-4ppu-7bd6d74d45-2wfsr]:40482, remote=[model-performance-4ppu-7bd6d74d45-2wfsr]:37405): Broken pipe
Exception raised from sendBytes at /pytorch/torch/csrc/distributed/c10d/Utils.hpp:668 (most recent call first):
frame #0: c10::Error::Error(c10::SourceLocation, std::__cxx11::basic_string<char, std::char_traits<char>, std::allocator<char> >) + 0x94 (0x7f60828aa814 in /opt/ac2/lib/python3.12/site-packages/torch/lib/libc10.so)
frame #1: <unknown function> + 0x677d445 (0x7f60c15b7445 in /opt/ac2/lib/python3.12/site-packages/torch/lib/libtorch_cpu.so)
frame #2: <unknown function> + 0x677dcc4 (0x7f60c15b7cc4 in /opt/ac2/lib/python3.12/site-packages/torch/lib/libtorch_cpu.so)
frame #3: <unknown function> + 0x677fa95 (0x7f60c15b9a95 in /opt/ac2/lib/python3.12/site-packages/torch/lib/libtorch_cpu.so)
frame #4: c10d::TCPStore::check(std::vector<std::__cxx11::basic_string<char, std::char_traits<char>, std::allocator<char> >, std::allocator<std::__cxx11::basic_string<char, std::char_traits<char>, std::allocator<char> > > > const&) + 0x31e (0x7f60c15b3b5e in /opt/ac2/lib/python3.12/site-packages/torch/lib/libtorch_cpu.so)
frame #5: c10d::ProcessGroupNCCL::HeartbeatMonitor::runLoop() + 0x3e6 (0x7f6083f46b76 in /opt/ac2/lib/python3.12/site-packages/torch/lib/libtorch_cuda.so)
frame #6: <unknown function> + 0xecdb4 (0x7f60d27c0db4 in /lib/x86_64-linux-gnu/libstdc++.so.6)
frame #7: <unknown function> + 0x9caa4 (0x7f60d409caa4 in /lib/x86_64-linux-gnu/libc.so.6)
frame #8: <unknown function> + 0x129c6c (0x7f60d4129c6c in /lib/x86_64-linux-gnu/libc.so.6)

[rank3]:[W608 18:00:07.513572236 ProcessGroupNCCL.cpp:1775] [PG ID 0 PG GUID 0(default_pg) Rank 3] Failed to check the "should dump" flag on TCPStore, (maybe TCPStore server has shut down too early), with error: Broken pipe
[rank1]:[W608 18:00:07.510016872 TCPStore.cpp:106] [c10d] sendBytes failed on SocketImpl(fd=10, addr=[model-performance-4ppu-7bd6d74d45-2wfsr]:40474, remote=[model-performance-4ppu-7bd6d74d45-2wfsr]:37405): Broken pipe
Exception raised from sendBytes at /pytorch/torch/csrc/distributed/c10d/Utils.hpp:668 (most recent call first):
frame #0: c10::Error::Error(c10::SourceLocation, std::__cxx11::basic_string<char, std::char_traits<char>, std::allocator<char> >) + 0x94 (0x7f638566a814 in /opt/ac2/lib/python3.12/site-packages/torch/lib/libc10.so)
frame #1: <unknown function> + 0x677d445 (0x7f63c4377445 in /opt/ac2/lib/python3.12/site-packages/torch/lib/libtorch_cpu.so)
frame #2: <unknown function> + 0x677dcc4 (0x7f63c4377cc4 in /opt/ac2/lib/python3.12/site-packages/torch/lib/libtorch_cpu.so)
frame #3: <unknown function> + 0x677fa95 (0x7f63c4379a95 in /opt/ac2/lib/python3.12/site-packages/torch/lib/libtorch_cpu.so)
frame #4: c10d::TCPStore::check(std::vector<std::__cxx11::basic_string<char, std::char_traits<char>, std::allocator<char> >, std::allocator<std::__cxx11::basic_string<char, std::char_traits<char>, std::allocator<char> > > > const&) + 0x31e (0x7f63c4373b5e in /opt/ac2/lib/python3.12/site-packages/torch/lib/libtorch_cpu.so)
frame #5: c10d::ProcessGroupNCCL::HeartbeatMonitor::runLoop() + 0x3e6 (0x7f6386d06b76 in /opt/ac2/lib/python3.12/site-packages/torch/lib/libtorch_cuda.so)
frame #6: <unknown function> + 0xecdb4 (0x7f63d5580db4 in /lib/x86_64-linux-gnu/libstdc++.so.6)
frame #7: <unknown function> + 0x9caa4 (0x7f63d6e9caa4 in /lib/x86_64-linux-gnu/libc.so.6)
frame #8: <unknown function> + 0x129c6c (0x7f63d6f29c6c in /lib/x86_64-linux-gnu/libc.so.6)

[rank1]:[W608 18:00:07.513641023 ProcessGroupNCCL.cpp:1775] [PG ID 0 PG GUID 0(default_pg) Rank 1] Failed to check the "should dump" flag on TCPStore, (maybe TCPStore server has shut down too early), with error: Broken pipe
[rank0]:[W608 18:00:08.551601049 TCPStore.cpp:106] [c10d] sendBytes failed on SocketImpl(fd=10, addr=[model-performance-4ppu-7bd6d74d45-2wfsr]:40486, remote=[model-performance-4ppu-7bd6d74d45-2wfsr]:37405): Broken pipe
Exception raised from sendBytes at /pytorch/torch/csrc/distributed/c10d/Utils.hpp:668 (most recent call first):
frame #0: c10::Error::Error(c10::SourceLocation, std::__cxx11::basic_string<char, std::char_traits<char>, std::allocator<char> >) + 0x94 (0x7fc56e327814 in /opt/ac2/lib/python3.12/site-packages/torch/lib/libc10.so)
frame #1: <unknown function> + 0x677d445 (0x7fc5ad034445 in /opt/ac2/lib/python3.12/site-packages/torch/lib/libtorch_cpu.so)
frame #2: <unknown function> + 0x677dcc4 (0x7fc5ad034cc4 in /opt/ac2/lib/python3.12/site-packages/torch/lib/libtorch_cpu.so)
frame #3: <unknown function> + 0x677fa95 (0x7fc5ad036a95 in /opt/ac2/lib/python3.12/site-packages/torch/lib/libtorch_cpu.so)
frame #4: c10d::TCPStore::check(std::vector<std::__cxx11::basic_string<char, std::char_traits<char>, std::allocator<char> >, std::allocator<std::__cxx11::basic_string<char, std::char_traits<char>, std::allocator<char> > > > const&) + 0x31e (0x7fc5ad030b5e in /opt/ac2/lib/python3.12/site-packages/torch/lib/libtorch_cpu.so)
frame #5: c10d::ProcessGroupNCCL::HeartbeatMonitor::runLoop() + 0x3e6 (0x7fc56f9c3b76 in /opt/ac2/lib/python3.12/site-packages/torch/lib/libtorch_cuda.so)
frame #6: <unknown function> + 0xecdb4 (0x7fc5be23ddb4 in /lib/x86_64-linux-gnu/libstdc++.so.6)
frame #7: <unknown function> + 0x9caa4 (0x7fc5bfa9caa4 in /lib/x86_64-linux-gnu/libc.so.6)
frame #8: <unknown function> + 0x129c6c (0x7fc5bfb29c6c in /lib/x86_64-linux-gnu/libc.so.6)

[rank0]:[W608 18:00:08.554893400 ProcessGroupNCCL.cpp:1775] [PG ID 0 PG GUID 0(default_pg) Rank 0] Failed to check the "should dump" flag on TCPStore, (maybe TCPStore server has shut down too early), with error: Broken pipe


Storage layout: Caching (HBM cache + Host full backing; HBM rows duplicate Host)
--------------------+---------+-----------+-----------+---------------------
        tier        |  table  |  init(MB) |  peak(MB) |   emb/opt peak(MB)  
--------------------+---------+-----------+-----------+---------------------
hbm cache/cuda:3    | item    | 14653.5   | 14648.438 | 4882.812 / 9765.625 
                    | user_id | 14653.5   | 14648.438 | 4882.812 / 9765.625 
                    | --------+-----------+-----------+---------------------
                    | TOTAL   | 29307     | 29296.875 | 9765.625 / 19531.25 
--------------------+---------+-----------+-----------+---------------------
host backing (full) | item    | 18310.688 | 18310.688 | 6103.562 / 12207.125
                    | user_id | 18310.688 | 18310.688 | 6103.562 / 12207.125
                    | --------+-----------+-----------+---------------------
                    | TOTAL   | 36621.375 | 36621.375 | 12207.125 / 24414.25
--------------------+---------+-----------+-----------+---------------------
Note: HBM cache rows duplicate backing rows; total memory ≈ HBM cache + Host/PS backing (no subtract).
WARNING:torchrec.distributed.utils:Sharding Type is data_parallel, caching params will be ignored
WARNING:torchrec.distributed.utils:Sharding Type is data_parallel, caching params will be ignored
WARNING:torchrec.distributed.utils:Sharding Type is data_parallel, caching params will be ignored


Storage layout: Caching (HBM cache + Host full backing; HBM rows duplicate Host)
--------------------+---------+-----------+-----------+---------------------
        tier        |  table  |  init(MB) |  peak(MB) |   emb/opt peak(MB)  
--------------------+---------+-----------+-----------+---------------------
hbm cache/cuda:2    | item    | 14653.5   | 14648.438 | 4882.812 / 9765.625 
                    | user_id | 14653.5   | 14648.438 | 4882.812 / 9765.625 
                    | --------+-----------+-----------+---------------------
                    | TOTAL   | 29307     | 29296.875 | 9765.625 / 19531.25 
--------------------+---------+-----------+-----------+---------------------
host backing (full) | item    | 18310.688 | 18310.688 | 6103.562 / 12207.125
                    | user_id | 18310.688 | 18310.688 | 6103.562 / 12207.125
                    | --------+-----------+-----------+---------------------
                    | TOTAL   | 36621.375 | 36621.375 | 12207.125 / 24414.25
--------------------+---------+-----------+-----------+---------------------
Note: HBM cache rows duplicate backing rows; total memory ≈ HBM cache + Host/PS backing (no subtract).
WARNING:torchrec.distributed.utils:Sharding Type is data_parallel, caching params will be ignored
WARNING:torchrec.distributed.utils:Sharding Type is data_parallel, caching params will be ignored
WARNING:torchrec.distributed.utils:Sharding Type is data_parallel, caching params will be ignored


Storage layout: Caching (HBM cache + Host full backing; HBM rows duplicate Host)
--------------------+---------+-----------+-----------+---------------------
        tier        |  table  |  init(MB) |  peak(MB) |   emb/opt peak(MB)  
--------------------+---------+-----------+-----------+---------------------
hbm cache/cuda:1    | item    | 14653.5   | 14648.438 | 4882.812 / 9765.625 
                    | user_id | 14653.5   | 14648.438 | 4882.812 / 9765.625 
                    | --------+-----------+-----------+---------------------
                    | TOTAL   | 29307     | 29296.875 | 9765.625 / 19531.25 
--------------------+---------+-----------+-----------+---------------------
host backing (full) | item    | 18310.688 | 18310.688 | 6103.562 / 12207.125
                    | user_id | 18310.688 | 18310.688 | 6103.562 / 12207.125
                    | --------+-----------+-----------+---------------------
                    | TOTAL   | 36621.375 | 36621.375 | 12207.125 / 24414.25
--------------------+---------+-----------+-----------+---------------------
Note: HBM cache rows duplicate backing rows; total memory ≈ HBM cache + Host/PS backing (no subtract).
WARNING:torchrec.distributed.utils:Sharding Type is data_parallel, caching params will be ignored
WARNING:torchrec.distributed.utils:Sharding Type is data_parallel, caching params will be ignored
WARNING:torchrec.distributed.utils:Sharding Type is data_parallel, caching params will be ignored
[rank2]:[W608 18:00:08.511967847 TCPStore.cpp:106] [c10d] sendBytes failed on SocketImpl(fd=10, addr=[model-performance-4ppu-7bd6d74d45-2wfsr]:40464, remote=[model-performance-4ppu-7bd6d74d45-2wfsr]:37405): Broken pipe
Exception raised from sendBytes at /pytorch/torch/csrc/distributed/c10d/Utils.hpp:668 (most recent call first):
frame #0: c10::Error::Error(c10::SourceLocation, std::__cxx11::basic_string<char, std::char_traits<char>, std::allocator<char> >) + 0x94 (0x7f3f64fe0814 in /opt/ac2/lib/python3.12/site-packages/torch/lib/libc10.so)
frame #1: <unknown function> + 0x677d445 (0x7f3fa3ced445 in /opt/ac2/lib/python3.12/site-packages/torch/lib/libtorch_cpu.so)
frame #2: <unknown function> + 0x677dcc4 (0x7f3fa3cedcc4 in /opt/ac2/lib/python3.12/site-packages/torch/lib/libtorch_cpu.so)
frame #3: <unknown function> + 0x677fa95 (0x7f3fa3cefa95 in /opt/ac2/lib/python3.12/site-packages/torch/lib/libtorch_cpu.so)
frame #4: c10d::TCPStore::check(std::vector<std::__cxx11::basic_string<char, std::char_traits<char>, std::allocator<char> >, std::allocator<std::__cxx11::basic_string<char, std::char_traits<char>, std::allocator<char> > > > const&) + 0x31e (0x7f3fa3ce9b5e in /opt/ac2/lib/python3.12/site-packages/torch/lib/libtorch_cpu.so)
frame #5: c10d::ProcessGroupNCCL::HeartbeatMonitor::runLoop() + 0x3e6 (0x7f3f6667cb76 in /opt/ac2/lib/python3.12/site-packages/torch/lib/libtorch_cuda.so)
frame #6: <unknown function> + 0xecdb4 (0x7f3fb4ef6db4 in /lib/x86_64-linux-gnu/libstdc++.so.6)
frame #7: <unknown function> + 0x9caa4 (0x7f3fb689caa4 in /lib/x86_64-linux-gnu/libc.so.6)
frame #8: <unknown function> + 0x129c6c (0x7f3fb6929c6c in /lib/x86_64-linux-gnu/libc.so.6)

[rank2]:[W608 18:00:08.515405609 ProcessGroupNCCL.cpp:1775] [PG ID 0 PG GUID 0(default_pg) Rank 2] Failed to check the "should dump" flag on TCPStore, (maybe TCPStore server has shut down too early), with error: Broken pipe
[rank3]:[W608 18:00:08.513698036 TCPStore.cpp:106] [c10d] sendBytes failed on SocketImpl(fd=10, addr=[model-performance-4ppu-7bd6d74d45-2wfsr]:40482, remote=[model-performance-4ppu-7bd6d74d45-2wfsr]:37405): Broken pipe
Exception raised from sendBytes at /pytorch/torch/csrc/distributed/c10d/Utils.hpp:668 (most recent call first):
frame #0: c10::Error::Error(c10::SourceLocation, std::__cxx11::basic_string<char, std::char_traits<char>, std::allocator<char> >) + 0x94 (0x7f60828aa814 in /opt/ac2/lib/python3.12/site-packages/torch/lib/libc10.so)
frame #1: <unknown function> + 0x677d445 (0x7f60c15b7445 in /opt/ac2/lib/python3.12/site-packages/torch/lib/libtorch_cpu.so)
frame #2: <unknown function> + 0x677dcc4 (0x7f60c15b7cc4 in /opt/ac2/lib/python3.12/site-packages/torch/lib/libtorch_cpu.so)
frame #3: <unknown function> + 0x677fa95 (0x7f60c15b9a95 in /opt/ac2/lib/python3.12/site-packages/torch/lib/libtorch_cpu.so)
frame #4: c10d::TCPStore::check(std::vector<std::__cxx11::basic_string<char, std::char_traits<char>, std::allocator<char> >, std::allocator<std::__cxx11::basic_string<char, std::char_traits<char>, std::allocator<char> > > > const&) + 0x31e (0x7f60c15b3b5e in /opt/ac2/lib/python3.12/site-packages/torch/lib/libtorch_cpu.so)
frame #5: c10d::ProcessGroupNCCL::HeartbeatMonitor::runLoop() + 0x3e6 (0x7f6083f46b76 in /opt/ac2/lib/python3.12/site-packages/torch/lib/libtorch_cuda.so)
frame #6: <unknown function> + 0xecdb4 (0x7f60d27c0db4 in /lib/x86_64-linux-gnu/libstdc++.so.6)
frame #7: <unknown function> + 0x9caa4 (0x7f60d409caa4 in /lib/x86_64-linux-gnu/libc.so.6)
frame #8: <unknown function> + 0x129c6c (0x7f60d4129c6c in /lib/x86_64-linux-gnu/libc.so.6)

[rank1]:[W608 18:00:08.513762156 TCPStore.cpp:106] [c10d] sendBytes failed on SocketImpl(fd=10, addr=[model-performance-4ppu-7bd6d74d45-2wfsr]:40474, remote=[model-performance-4ppu-7bd6d74d45-2wfsr]:37405): Broken pipe
Exception raised from sendBytes at /pytorch/torch/csrc/distributed/c10d/Utils.hpp:668 (most recent call first):
frame #0: c10::Error::Error(c10::SourceLocation, std::__cxx11::basic_string<char, std::char_traits<char>, std::allocator<char> >) + 0x94 (0x7f638566a814 in /opt/ac2/lib/python3.12/site-packages/torch/lib/libc10.so)
frame #1: <unknown function> + 0x677d445 (0x7f63c4377445 in /opt/ac2/lib/python3.12/site-packages/torch/lib/libtorch_cpu.so)
frame #2: <unknown function> + 0x677dcc4 (0x7f63c4377cc4 in /opt/ac2/lib/python3.12/site-packages/torch/lib/libtorch_cpu.so)
frame #3: <unknown function> + 0x677fa95 (0x7f63c4379a95 in /opt/ac2/lib/python3.12/site-packages/torch/lib/libtorch_cpu.so)
frame #4: c10d::TCPStore::check(std::vector<std::__cxx11::basic_string<char, std::char_traits<char>, std::allocator<char> >, std::allocator<std::__cxx11::basic_string<char, std::char_traits<char>, std::allocator<char> > > > const&) + 0x31e (0x7f63c4373b5e in /opt/ac2/lib/python3.12/site-packages/torch/lib/libtorch_cpu.so)
frame #5: c10d::ProcessGroupNCCL::HeartbeatMonitor::runLoop() + 0x3e6 (0x7f6386d06b76 in /opt/ac2/lib/python3.12/site-packages/torch/lib/libtorch_cuda.so)
frame #6: <unknown function> + 0xecdb4 (0x7f63d5580db4 in /lib/x86_64-linux-gnu/libstdc++.so.6)
frame #7: <unknown function> + 0x9caa4 (0x7f63d6e9caa4 in /lib/x86_64-linux-gnu/libc.so.6)
frame #8: <unknown function> + 0x129c6c (0x7f63d6f29c6c in /lib/x86_64-linux-gnu/libc.so.6)

[rank3]:[W608 18:00:08.517086779 ProcessGroupNCCL.cpp:1775] [PG ID 0 PG GUID 0(default_pg) Rank 3] Failed to check the "should dump" flag on TCPStore, (maybe TCPStore server has shut down too early), with error: Broken pipe
[rank1]:[W608 18:00:08.517098375 ProcessGroupNCCL.cpp:1775] [PG ID 0 PG GUID 0(default_pg) Rank 1] Failed to check the "should dump" flag on TCPStore, (maybe TCPStore server has shut down too early), with error: Broken pipe
[rank3]:[W608 18:00:09.643318239 TCPStore.cpp:106] [c10d] sendBytes failed on SocketImpl(fd=10, addr=[model-performance-4ppu-7bd6d74d45-2wfsr]:40482, remote=[model-performance-4ppu-7bd6d74d45-2wfsr]:37405): Broken pipe
Exception raised from sendBytes at /pytorch/torch/csrc/distributed/c10d/Utils.hpp:668 (most recent call first):
frame #0: c10::Error::Error(c10::SourceLocation, std::__cxx11::basic_string<char, std::char_traits<char>, std::allocator<char> >) + 0x94 (0x7f60828aa814 in /opt/ac2/lib/python3.12/site-packages/torch/lib/libc10.so)
frame #1: <unknown function> + 0x677d445 (0x7f60c15b7445 in /opt/ac2/lib/python3.12/site-packages/torch/lib/libtorch_cpu.so)
frame #2: <unknown function> + 0x677dcc4 (0x7f60c15b7cc4 in /opt/ac2/lib/python3.12/site-packages/torch/lib/libtorch_cpu.so)
frame #3: <unknown function> + 0x677fa95 (0x7f60c15b9a95 in /opt/ac2/lib/python3.12/site-packages/torch/lib/libtorch_cpu.so)
frame #4: c10d::TCPStore::doWait(c10::ArrayRef<std::__cxx11::basic_string<char, std::char_traits<char>, std::allocator<char> > >, std::chrono::duration<long, std::ratio<1l, 1000l> >) + 0x1e1 (0x7f60c15b3ee1 in /opt/ac2/lib/python3.12/site-packages/torch/lib/libtorch_cpu.so)
frame #5: c10d::TCPStore::doGet(std::__cxx11::basic_string<char, std::char_traits<char>, std::allocator<char> > const&) + 0x47 (0x7f60c15b5a27 in /opt/ac2/lib/python3.12/site-packages/torch/lib/libtorch_cpu.so)
frame #6: c10d::TCPStore::get(std::__cxx11::basic_string<char, std::char_traits<char>, std::allocator<char> > const&) + 0x11c (0x7f60c15b6ccc in /opt/ac2/lib/python3.12/site-packages/torch/lib/libtorch_cpu.so)
frame #7: c10d::PrefixStore::get(std::__cxx11::basic_string<char, std::char_traits<char>, std::allocator<char> > const&) + 0x44 (0x7f60c15468e4 in /opt/ac2/lib/python3.12/site-packages/torch/lib/libtorch_cpu.so)
frame #8: c10d::PrefixStore::get(std::__cxx11::basic_string<char, std::char_traits<char>, std::allocator<char> > const&) + 0x44 (0x7f60c15468e4 in /opt/ac2/lib/python3.12/site-packages/torch/lib/libtorch_cpu.so)
frame #9: c10d::PrefixStore::get(std::__cxx11::basic_string<char, std::char_traits<char>, std::allocator<char> > const&) + 0x44 (0x7f60c15468e4 in /opt/ac2/lib/python3.12/site-packages/torch/lib/libtorch_cpu.so)
frame #10: c10d::PrefixStore::get(std::__cxx11::basic_string<char, std::char_traits<char>, std::allocator<char> > const&) + 0x44 (0x7f60c15468e4 in /opt/ac2/lib/python3.12/site-packages/torch/lib/libtorch_cpu.so)
frame #11: c10d::ProcessGroupNCCL::broadcastUniqueNCCLID(ncclUniqueId*, bool, std::__cxx11::basic_string<char, std::char_traits<char>, std::allocator<char> > const&, int) + 0x5b3 (0x7f6083f50f23 in /opt/ac2/lib/python3.12/site-packages/torch/lib/libtorch_cuda.so)
frame #12: c10d::ProcessGroupNCCL::initNCCLComm(std::__cxx11::basic_string<char, std::char_traits<char>, std::allocator<char> > const&, c10::Device&, c10d::OpType, int, bool) + 0x1c29 (0x7f6083f53b29 in /opt/ac2/lib/python3.12/site-packages/torch/lib/libtorch_cuda.so)
frame #13: c10d::ProcessGroupNCCL::broadcast(std::vector<at::Tensor, std::allocator<at::Tensor> >&, c10d::BroadcastOptions const&) + 0x14ac (0x7f6083f5d23c in /opt/ac2/lib/python3.12/site-packages/torch/lib/libtorch_cuda.so)
frame #14: <unknown function> + 0x66f9a26 (0x7f60c1533a26 in /opt/ac2/lib/python3.12/site-packages/torch/lib/libtorch_cpu.so)
frame #15: <unknown function> + 0x670b814 (0x7f60c1545814 in /opt/ac2/lib/python3.12/site-packages/torch/lib/libtorch_cpu.so)
frame #16: <unknown function> + 0x5b3a10f (0x7f60c097410f in /opt/ac2/lib/python3.12/site-packages/torch/lib/libtorch_cpu.so)
frame #17: <unknown function> + 0x673009c (0x7f60c156a09c in /opt/ac2/lib/python3.12/site-packages/torch/lib/libtorch_cpu.so)
frame #18: <unknown function> + 0xfad288 (0x7f60d1a7f288 in /opt/ac2/lib/python3.12/site-packages/torch/lib/libtorch_python.so)
frame #19: <unknown function> + 0x4fb5b7 (0x7f60d0fcd5b7 in /opt/ac2/lib/python3.12/site-packages/torch/lib/libtorch_python.so)
frame #20: <unknown function> + 0x19f1d3 (0x563a4919f1d3 in /opt/ac2/bin/python)
frame #21: _PyObject_MakeTpCall + 0x9f (0x563a49193c2f in /opt/ac2/bin/python)
frame #22: _PyEval_EvalFrameDefault + 0x822c (0x563a49107b4c in /opt/ac2/bin/python)
frame #23: PyEval_EvalCode + 0xa3 (0x563a49329d43 in /opt/ac2/bin/python)
frame #24: <unknown function> + 0x32d728 (0x563a4932d728 in /opt/ac2/bin/python)
frame #25: <unknown function> + 0x32d825 (0x563a4932d825 in /opt/ac2/bin/python)
frame #26: <unknown function> + 0x32d933 (0x563a4932d933 in /opt/ac2/bin/python)
frame #27: _PyRun_SimpleFileObject + 0x1e6 (0x563a49361bb6 in /opt/ac2/bin/python)
frame #28: _PyRun_AnyFileObject + 0x40 (0x563a49362350 in /opt/ac2/bin/python)
frame #29: Py_RunMain + 0xaa9 (0x563a49366cd9 in /opt/ac2/bin/python)
frame #30: <unknown function> + 0x2a1ca (0x7f60d402a1ca in /lib/x86_64-linux-gnu/libc.so.6)
frame #31: __libc_start_main + 0x8b (0x7f60d402a28b in /lib/x86_64-linux-gnu/libc.so.6)
frame #32: _start + 0x25 (0x563a4910bb25 in /opt/ac2/bin/python)

[rank3]: Traceback (most recent call last):
[rank3]:   File "/workspace/recsys-examples/examples/hstu/training/pretrain_gr_ranking.py", line 203, in <module>
[rank3]:     main()
[rank3]:   File "/workspace/recsys-examples/examples/hstu/training/pretrain_gr_ranking.py", line 120, in main
[rank3]:     model_train, dense_optimizer = make_optimizer_and_shard(
[rank3]:                                    ^^^^^^^^^^^^^^^^^^^^^^^^^
[rank3]:   File "/workspace/recsys-examples/examples/commons/distributed/sharding.py", line 293, in make_optimizer_and_shard
[rank3]:     model, dense_optimizer = apply_megatron_ddp(
[rank3]:                              ^^^^^^^^^^^^^^^^^^^
[rank3]:   File "/workspace/recsys-examples/examples/commons/distributed/sharding.py", line 118, in apply_megatron_ddp
[rank3]:     broadcast_params_for_non_model_parallel_embedding_modules()
[rank3]:   File "/workspace/recsys-examples/examples/commons/distributed/sharding.py", line 112, in broadcast_params_for_non_model_parallel_embedding_modules
[rank3]:     dist.broadcast(
[rank3]:   File "/opt/ac2/lib/python3.12/site-packages/torch/distributed/c10d_logger.py", line 81, in wrapper
[rank3]:     return func(*args, **kwargs)
[rank3]:            ^^^^^^^^^^^^^^^^^^^^^
[rank3]:   File "/opt/ac2/lib/python3.12/site-packages/torch/distributed/distributed_c10d.py", line 2835, in broadcast
[rank3]:     work = group.broadcast([tensor], opts)
[rank3]:            ^^^^^^^^^^^^^^^^^^^^^^^^^^^^^^^
[rank3]: torch.distributed.DistBackendError: [3] is setting up NCCL communicator and retrieving ncclUniqueId from [0] via c10d key-value store by key '0', but store->get('0') got error: Broken pipe
[rank3]: Exception raised from sendBytes at /pytorch/torch/csrc/distributed/c10d/Utils.hpp:668 (most recent call first):
[rank3]: frame #0: c10::Error::Error(c10::SourceLocation, std::__cxx11::basic_string<char, std::char_traits<char>, std::allocator<char> >) + 0x94 (0x7f60828aa814 in /opt/ac2/lib/python3.12/site-packages/torch/lib/libc10.so)
[rank3]: frame #1: <unknown function> + 0x677d445 (0x7f60c15b7445 in /opt/ac2/lib/python3.12/site-packages/torch/lib/libtorch_cpu.so)
[rank3]: frame #2: <unknown function> + 0x677dcc4 (0x7f60c15b7cc4 in /opt/ac2/lib/python3.12/site-packages/torch/lib/libtorch_cpu.so)
[rank3]: frame #3: <unknown function> + 0x677fa95 (0x7f60c15b9a95 in /opt/ac2/lib/python3.12/site-packages/torch/lib/libtorch_cpu.so)
[rank3]: frame #4: c10d::TCPStore::doWait(c10::ArrayRef<std::__cxx11::basic_string<char, std::char_traits<char>, std::allocator<char> > >, std::chrono::duration<long, std::ratio<1l, 1000l> >) + 0x1e1 (0x7f60c15b3ee1 in /opt/ac2/lib/python3.12/site-packages/torch/lib/libtorch_cpu.so)
[rank3]: frame #5: c10d::TCPStore::doGet(std::__cxx11::basic_string<char, std::char_traits<char>, std::allocator<char> > const&) + 0x47 (0x7f60c15b5a27 in /opt/ac2/lib/python3.12/site-packages/torch/lib/libtorch_cpu.so)
[rank3]: frame #6: c10d::TCPStore::get(std::__cxx11::basic_string<char, std::char_traits<char>, std::allocator<char> > const&) + 0x11c (0x7f60c15b6ccc in /opt/ac2/lib/python3.12/site-packages/torch/lib/libtorch_cpu.so)
[rank3]: frame #7: c10d::PrefixStore::get(std::__cxx11::basic_string<char, std::char_traits<char>, std::allocator<char> > const&) + 0x44 (0x7f60c15468e4 in /opt/ac2/lib/python3.12/site-packages/torch/lib/libtorch_cpu.so)
[rank3]: frame #8: c10d::PrefixStore::get(std::__cxx11::basic_string<char, std::char_traits<char>, std::allocator<char> > const&) + 0x44 (0x7f60c15468e4 in /opt/ac2/lib/python3.12/site-packages/torch/lib/libtorch_cpu.so)
[rank3]: frame #9: c10d::PrefixStore::get(std::__cxx11::basic_string<char, std::char_traits<char>, std::allocator<char> > const&) + 0x44 (0x7f60c15468e4 in /opt/ac2/lib/python3.12/site-packages/torch/lib/libtorch_cpu.so)
[rank3]: frame #10: c10d::PrefixStore::get(std::__cxx11::basic_string<char, std::char_traits<char>, std::allocator<char> > const&) + 0x44 (0x7f60c15468e4 in /opt/ac2/lib/python3.12/site-packages/torch/lib/libtorch_cpu.so)
[rank3]: frame #11: c10d::ProcessGroupNCCL::broadcastUniqueNCCLID(ncclUniqueId*, bool, std::__cxx11::basic_string<char, std::char_traits<char>, std::allocator<char> > const&, int) + 0x5b3 (0x7f6083f50f23 in /opt/ac2/lib/python3.12/site-packages/torch/lib/libtorch_cuda.so)
[rank3]: frame #12: c10d::ProcessGroupNCCL::initNCCLComm(std::__cxx11::basic_string<char, std::char_traits<char>, std::allocator<char> > const&, c10::Device&, c10d::OpType, int, bool) + 0x1c29 (0x7f6083f53b29 in /opt/ac2/lib/python3.12/site-packages/torch/lib/libtorch_cuda.so)
[rank3]: frame #13: c10d::ProcessGroupNCCL::broadcast(std::vector<at::Tensor, std::allocator<at::Tensor> >&, c10d::BroadcastOptions const&) + 0x14ac (0x7f6083f5d23c in /opt/ac2/lib/python3.12/site-packages/torch/lib/libtorch_cuda.so)
[rank3]: frame #14: <unknown function> + 0x66f9a26 (0x7f60c1533a26 in /opt/ac2/lib/python3.12/site-packages/torch/lib/libtorch_cpu.so)
[rank3]: frame #15: <unknown function> + 0x670b814 (0x7f60c1545814 in /opt/ac2/lib/python3.12/site-packages/torch/lib/libtorch_cpu.so)
[rank3]: frame #16: <unknown function> + 0x5b3a10f (0x7f60c097410f in /opt/ac2/lib/python3.12/site-packages/torch/lib/libtorch_cpu.so)
[rank3]: frame #17: <unknown function> + 0x673009c (0x7f60c156a09c in /opt/ac2/lib/python3.12/site-packages/torch/lib/libtorch_cpu.so)
[rank3]: frame #18: <unknown function> + 0xfad288 (0x7f60d1a7f288 in /opt/ac2/lib/python3.12/site-packages/torch/lib/libtorch_python.so)
[rank3]: frame #19: <unknown function> + 0x4fb5b7 (0x7f60d0fcd5b7 in /opt/ac2/lib/python3.12/site-packages/torch/lib/libtorch_python.so)
[rank3]: frame #20: <unknown function> + 0x19f1d3 (0x563a4919f1d3 in /opt/ac2/bin/python)
[rank3]: frame #21: _PyObject_MakeTpCall + 0x9f (0x563a49193c2f in /opt/ac2/bin/python)
[rank3]: frame #22: _PyEval_EvalFrameDefault + 0x822c (0x563a49107b4c in /opt/ac2/bin/python)
[rank3]: frame #23: PyEval_EvalCode + 0xa3 (0x563a49329d43 in /opt/ac2/bin/python)
[rank3]: frame #24: <unknown function> + 0x32d728 (0x563a4932d728 in /opt/ac2/bin/python)
[rank3]: frame #25: <unknown function> + 0x32d825 (0x563a4932d825 in /opt/ac2/bin/python)
[rank3]: frame #26: <unknown function> + 0x32d933 (0x563a4932d933 in /opt/ac2/bin/python)
[rank3]: frame #27: _PyRun_SimpleFileObject + 0x1e6 (0x563a49361bb6 in /opt/ac2/bin/python)
[rank3]: frame #28: _PyRun_AnyFileObject + 0x40 (0x563a49362350 in /opt/ac2/bin/python)
[rank3]: frame #29: Py_RunMain + 0xaa9 (0x563a49366cd9 in /opt/ac2/bin/python)
[rank3]: frame #30: <unknown function> + 0x2a1ca (0x7f60d402a1ca in /lib/x86_64-linux-gnu/libc.so.6)
[rank3]: frame #31: __libc_start_main + 0x8b (0x7f60d402a28b in /lib/x86_64-linux-gnu/libc.so.6)
[rank3]: frame #32: _start + 0x25 (0x563a4910bb25 in /opt/ac2/bin/python)
[rank3]: . This may indicate a possible application crash on rank 0 or a network set up issue.
[rank2]:[W608 18:00:09.678963311 TCPStore.cpp:106] [c10d] sendBytes failed on SocketImpl(fd=10, addr=[model-performance-4ppu-7bd6d74d45-2wfsr]:40464, remote=[model-performance-4ppu-7bd6d74d45-2wfsr]:37405): Broken pipe
Exception raised from sendBytes at /pytorch/torch/csrc/distributed/c10d/Utils.hpp:668 (most recent call first):
frame #0: c10::Error::Error(c10::SourceLocation, std::__cxx11::basic_string<char, std::char_traits<char>, std::allocator<char> >) + 0x94 (0x7f3f64fe0814 in /opt/ac2/lib/python3.12/site-packages/torch/lib/libc10.so)
frame #1: <unknown function> + 0x677d445 (0x7f3fa3ced445 in /opt/ac2/lib/python3.12/site-packages/torch/lib/libtorch_cpu.so)
frame #2: <unknown function> + 0x677dcc4 (0x7f3fa3cedcc4 in /opt/ac2/lib/python3.12/site-packages/torch/lib/libtorch_cpu.so)
frame #3: <unknown function> + 0x677fa95 (0x7f3fa3cefa95 in /opt/ac2/lib/python3.12/site-packages/torch/lib/libtorch_cpu.so)
frame #4: c10d::TCPStore::doWait(c10::ArrayRef<std::__cxx11::basic_string<char, std::char_traits<char>, std::allocator<char> > >, std::chrono::duration<long, std::ratio<1l, 1000l> >) + 0x1e1 (0x7f3fa3ce9ee1 in /opt/ac2/lib/python3.12/site-packages/torch/lib/libtorch_cpu.so)
frame #5: c10d::TCPStore::doGet(std::__cxx11::basic_string<char, std::char_traits<char>, std::allocator<char> > const&) + 0x47 (0x7f3fa3ceba27 in /opt/ac2/lib/python3.12/site-packages/torch/lib/libtorch_cpu.so)
frame #6: c10d::TCPStore::get(std::__cxx11::basic_string<char, std::char_traits<char>, std::allocator<char> > const&) + 0x11c (0x7f3fa3cecccc in /opt/ac2/lib/python3.12/site-packages/torch/lib/libtorch_cpu.so)
frame #7: c10d::PrefixStore::get(std::__cxx11::basic_string<char, std::char_traits<char>, std::allocator<char> > const&) + 0x44 (0x7f3fa3c7c8e4 in /opt/ac2/lib/python3.12/site-packages/torch/lib/libtorch_cpu.so)
frame #8: c10d::PrefixStore::get(std::__cxx11::basic_string<char, std::char_traits<char>, std::allocator<char> > const&) + 0x44 (0x7f3fa3c7c8e4 in /opt/ac2/lib/python3.12/site-packages/torch/lib/libtorch_cpu.so)
frame #9: c10d::PrefixStore::get(std::__cxx11::basic_string<char, std::char_traits<char>, std::allocator<char> > const&) + 0x44 (0x7f3fa3c7c8e4 in /opt/ac2/lib/python3.12/site-packages/torch/lib/libtorch_cpu.so)
frame #10: c10d::PrefixStore::get(std::__cxx11::basic_string<char, std::char_traits<char>, std::allocator<char> > const&) + 0x44 (0x7f3fa3c7c8e4 in /opt/ac2/lib/python3.12/site-packages/torch/lib/libtorch_cpu.so)
frame #11: c10d::ProcessGroupNCCL::broadcastUniqueNCCLID(ncclUniqueId*, bool, std::__cxx11::basic_string<char, std::char_traits<char>, std::allocator<char> > const&, int) + 0x5b3 (0x7f3f66686f23 in /opt/ac2/lib/python3.12/site-packages/torch/lib/libtorch_cuda.so)
frame #12: c10d::ProcessGroupNCCL::initNCCLComm(std::__cxx11::basic_string<char, std::char_traits<char>, std::allocator<char> > const&, c10::Device&, c10d::OpType, int, bool) + 0x1c29 (0x7f3f66689b29 in /opt/ac2/lib/python3.12/site-packages/torch/lib/libtorch_cuda.so)
frame #13: c10d::ProcessGroupNCCL::broadcast(std::vector<at::Tensor, std::allocator<at::Tensor> >&, c10d::BroadcastOptions const&) + 0x14ac (0x7f3f6669323c in /opt/ac2/lib/python3.12/site-packages/torch/lib/libtorch_cuda.so)
frame #14: <unknown function> + 0x66f9a26 (0x7f3fa3c69a26 in /opt/ac2/lib/python3.12/site-packages/torch/lib/libtorch_cpu.so)
frame #15: <unknown function> + 0x670b814 (0x7f3fa3c7b814 in /opt/ac2/lib/python3.12/site-packages/torch/lib/libtorch_cpu.so)
frame #16: <unknown function> + 0x5b3a10f (0x7f3fa30aa10f in /opt/ac2/lib/python3.12/site-packages/torch/lib/libtorch_cpu.so)
frame #17: <unknown function> + 0x673009c (0x7f3fa3ca009c in /opt/ac2/lib/python3.12/site-packages/torch/lib/libtorch_cpu.so)
frame #18: <unknown function> + 0xfad288 (0x7f3fb41b5288 in /opt/ac2/lib/python3.12/site-packages/torch/lib/libtorch_python.so)
frame #19: <unknown function> + 0x4fb5b7 (0x7f3fb37035b7 in /opt/ac2/lib/python3.12/site-packages/torch/lib/libtorch_python.so)
frame #20: <unknown function> + 0x19f1d3 (0x560d7f39f1d3 in /opt/ac2/bin/python)
frame #21: _PyObject_MakeTpCall + 0x9f (0x560d7f393c2f in /opt/ac2/bin/python)
frame #22: _PyEval_EvalFrameDefault + 0x822c (0x560d7f307b4c in /opt/ac2/bin/python)
frame #23: PyEval_EvalCode + 0xa3 (0x560d7f529d43 in /opt/ac2/bin/python)
frame #24: <unknown function> + 0x32d728 (0x560d7f52d728 in /opt/ac2/bin/python)
frame #25: <unknown function> + 0x32d825 (0x560d7f52d825 in /opt/ac2/bin/python)
frame #26: <unknown function> + 0x32d933 (0x560d7f52d933 in /opt/ac2/bin/python)
frame #27: _PyRun_SimpleFileObject + 0x1e6 (0x560d7f561bb6 in /opt/ac2/bin/python)
frame #28: _PyRun_AnyFileObject + 0x40 (0x560d7f562350 in /opt/ac2/bin/python)
frame #29: Py_RunMain + 0xaa9 (0x560d7f566cd9 in /opt/ac2/bin/python)
frame #30: <unknown function> + 0x2a1ca (0x7f3fb682a1ca in /lib/x86_64-linux-gnu/libc.so.6)
frame #31: __libc_start_main + 0x8b (0x7f3fb682a28b in /lib/x86_64-linux-gnu/libc.so.6)
frame #32: _start + 0x25 (0x560d7f30bb25 in /opt/ac2/bin/python)

[rank2]: Traceback (most recent call last):
[rank2]:   File "/workspace/recsys-examples/examples/hstu/training/pretrain_gr_ranking.py", line 203, in <module>
[rank2]:     main()
[rank2]:   File "/workspace/recsys-examples/examples/hstu/training/pretrain_gr_ranking.py", line 120, in main
[rank2]:     model_train, dense_optimizer = make_optimizer_and_shard(
[rank2]:                                    ^^^^^^^^^^^^^^^^^^^^^^^^^
[rank2]:   File "/workspace/recsys-examples/examples/commons/distributed/sharding.py", line 293, in make_optimizer_and_shard
[rank2]:     model, dense_optimizer = apply_megatron_ddp(
[rank2]:                              ^^^^^^^^^^^^^^^^^^^
[rank2]:   File "/workspace/recsys-examples/examples/commons/distributed/sharding.py", line 118, in apply_megatron_ddp
[rank2]:     broadcast_params_for_non_model_parallel_embedding_modules()
[rank2]:   File "/workspace/recsys-examples/examples/commons/distributed/sharding.py", line 112, in broadcast_params_for_non_model_parallel_embedding_modules
[rank2]:     dist.broadcast(
[rank2]:   File "/opt/ac2/lib/python3.12/site-packages/torch/distributed/c10d_logger.py", line 81, in wrapper
[rank2]:     return func(*args, **kwargs)
[rank2]:            ^^^^^^^^^^^^^^^^^^^^^
[rank2]:   File "/opt/ac2/lib/python3.12/site-packages/torch/distributed/distributed_c10d.py", line 2835, in broadcast
[rank2]:     work = group.broadcast([tensor], opts)
[rank2]:            ^^^^^^^^^^^^^^^^^^^^^^^^^^^^^^^
[rank2]: torch.distributed.DistBackendError: [2] is setting up NCCL communicator and retrieving ncclUniqueId from [0] via c10d key-value store by key '0', but store->get('0') got error: Broken pipe
[rank2]: Exception raised from sendBytes at /pytorch/torch/csrc/distributed/c10d/Utils.hpp:668 (most recent call first):
[rank2]: frame #0: c10::Error::Error(c10::SourceLocation, std::__cxx11::basic_string<char, std::char_traits<char>, std::allocator<char> >) + 0x94 (0x7f3f64fe0814 in /opt/ac2/lib/python3.12/site-packages/torch/lib/libc10.so)
[rank2]: frame #1: <unknown function> + 0x677d445 (0x7f3fa3ced445 in /opt/ac2/lib/python3.12/site-packages/torch/lib/libtorch_cpu.so)
[rank2]: frame #2: <unknown function> + 0x677dcc4 (0x7f3fa3cedcc4 in /opt/ac2/lib/python3.12/site-packages/torch/lib/libtorch_cpu.so)
[rank2]: frame #3: <unknown function> + 0x677fa95 (0x7f3fa3cefa95 in /opt/ac2/lib/python3.12/site-packages/torch/lib/libtorch_cpu.so)
[rank2]: frame #4: c10d::TCPStore::doWait(c10::ArrayRef<std::__cxx11::basic_string<char, std::char_traits<char>, std::allocator<char> > >, std::chrono::duration<long, std::ratio<1l, 1000l> >) + 0x1e1 (0x7f3fa3ce9ee1 in /opt/ac2/lib/python3.12/site-packages/torch/lib/libtorch_cpu.so)
[rank2]: frame #5: c10d::TCPStore::doGet(std::__cxx11::basic_string<char, std::char_traits<char>, std::allocator<char> > const&) + 0x47 (0x7f3fa3ceba27 in /opt/ac2/lib/python3.12/site-packages/torch/lib/libtorch_cpu.so)
[rank2]: frame #6: c10d::TCPStore::get(std::__cxx11::basic_string<char, std::char_traits<char>, std::allocator<char> > const&) + 0x11c (0x7f3fa3cecccc in /opt/ac2/lib/python3.12/site-packages/torch/lib/libtorch_cpu.so)
[rank2]: frame #7: c10d::PrefixStore::get(std::__cxx11::basic_string<char, std::char_traits<char>, std::allocator<char> > const&) + 0x44 (0x7f3fa3c7c8e4 in /opt/ac2/lib/python3.12/site-packages/torch/lib/libtorch_cpu.so)
[rank2]: frame #8: c10d::PrefixStore::get(std::__cxx11::basic_string<char, std::char_traits<char>, std::allocator<char> > const&) + 0x44 (0x7f3fa3c7c8e4 in /opt/ac2/lib/python3.12/site-packages/torch/lib/libtorch_cpu.so)
[rank2]: frame #9: c10d::PrefixStore::get(std::__cxx11::basic_string<char, std::char_traits<char>, std::allocator<char> > const&) + 0x44 (0x7f3fa3c7c8e4 in /opt/ac2/lib/python3.12/site-packages/torch/lib/libtorch_cpu.so)
[rank2]: frame #10: c10d::PrefixStore::get(std::__cxx11::basic_string<char, std::char_traits<char>, std::allocator<char> > const&) + 0x44 (0x7f3fa3c7c8e4 in /opt/ac2/lib/python3.12/site-packages/torch/lib/libtorch_cpu.so)
[rank2]: frame #11: c10d::ProcessGroupNCCL::broadcastUniqueNCCLID(ncclUniqueId*, bool, std::__cxx11::basic_string<char, std::char_traits<char>, std::allocator<char> > const&, int) + 0x5b3 (0x7f3f66686f23 in /opt/ac2/lib/python3.12/site-packages/torch/lib/libtorch_cuda.so)
[rank2]: frame #12: c10d::ProcessGroupNCCL::initNCCLComm(std::__cxx11::basic_string<char, std::char_traits<char>, std::allocator<char> > const&, c10::Device&, c10d::OpType, int, bool) + 0x1c29 (0x7f3f66689b29 in /opt/ac2/lib/python3.12/site-packages/torch/lib/libtorch_cuda.so)
[rank2]: frame #13: c10d::ProcessGroupNCCL::broadcast(std::vector<at::Tensor, std::allocator<at::Tensor> >&, c10d::BroadcastOptions const&) + 0x14ac (0x7f3f6669323c in /opt/ac2/lib/python3.12/site-packages/torch/lib/libtorch_cuda.so)
[rank2]: frame #14: <unknown function> + 0x66f9a26 (0x7f3fa3c69a26 in /opt/ac2/lib/python3.12/site-packages/torch/lib/libtorch_cpu.so)
[rank2]: frame #15: <unknown function> + 0x670b814 (0x7f3fa3c7b814 in /opt/ac2/lib/python3.12/site-packages/torch/lib/libtorch_cpu.so)
[rank2]: frame #16: <unknown function> + 0x5b3a10f (0x7f3fa30aa10f in /opt/ac2/lib/python3.12/site-packages/torch/lib/libtorch_cpu.so)
[rank2]: frame #17: <unknown function> + 0x673009c (0x7f3fa3ca009c in /opt/ac2/lib/python3.12/site-packages/torch/lib/libtorch_cpu.so)
[rank2]: frame #18: <unknown function> + 0xfad288 (0x7f3fb41b5288 in /opt/ac2/lib/python3.12/site-packages/torch/lib/libtorch_python.so)
[rank2]: frame #19: <unknown function> + 0x4fb5b7 (0x7f3fb37035b7 in /opt/ac2/lib/python3.12/site-packages/torch/lib/libtorch_python.so)
[rank2]: frame #20: <unknown function> + 0x19f1d3 (0x560d7f39f1d3 in /opt/ac2/bin/python)
[rank2]: frame #21: _PyObject_MakeTpCall + 0x9f (0x560d7f393c2f in /opt/ac2/bin/python)
[rank2]: frame #22: _PyEval_EvalFrameDefault + 0x822c (0x560d7f307b4c in /opt/ac2/bin/python)
[rank2]: frame #23: PyEval_EvalCode + 0xa3 (0x560d7f529d43 in /opt/ac2/bin/python)
[rank2]: frame #24: <unknown function> + 0x32d728 (0x560d7f52d728 in /opt/ac2/bin/python)
[rank2]: frame #25: <unknown function> + 0x32d825 (0x560d7f52d825 in /opt/ac2/bin/python)
[rank2]: frame #26: <unknown function> + 0x32d933 (0x560d7f52d933 in /opt/ac2/bin/python)
[rank2]: frame #27: _PyRun_SimpleFileObject + 0x1e6 (0x560d7f561bb6 in /opt/ac2/bin/python)
[rank2]: frame #28: _PyRun_AnyFileObject + 0x40 (0x560d7f562350 in /opt/ac2/bin/python)
[rank2]: frame #29: Py_RunMain + 0xaa9 (0x560d7f566cd9 in /opt/ac2/bin/python)
[rank2]: frame #30: <unknown function> + 0x2a1ca (0x7f3fb682a1ca in /lib/x86_64-linux-gnu/libc.so.6)
[rank2]: frame #31: __libc_start_main + 0x8b (0x7f3fb682a28b in /lib/x86_64-linux-gnu/libc.so.6)
[rank2]: frame #32: _start + 0x25 (0x560d7f30bb25 in /opt/ac2/bin/python)
[rank2]: . This may indicate a possible application crash on rank 0 or a network set up issue.
[rank1]:[W608 18:00:09.749374821 TCPStore.cpp:106] [c10d] sendBytes failed on SocketImpl(fd=10, addr=[model-performance-4ppu-7bd6d74d45-2wfsr]:40474, remote=[model-performance-4ppu-7bd6d74d45-2wfsr]:37405): Broken pipe
Exception raised from sendBytes at /pytorch/torch/csrc/distributed/c10d/Utils.hpp:668 (most recent call first):
frame #0: c10::Error::Error(c10::SourceLocation, std::__cxx11::basic_string<char, std::char_traits<char>, std::allocator<char> >) + 0x94 (0x7f638566a814 in /opt/ac2/lib/python3.12/site-packages/torch/lib/libc10.so)
frame #1: <unknown function> + 0x677d445 (0x7f63c4377445 in /opt/ac2/lib/python3.12/site-packages/torch/lib/libtorch_cpu.so)
frame #2: <unknown function> + 0x677dcc4 (0x7f63c4377cc4 in /opt/ac2/lib/python3.12/site-packages/torch/lib/libtorch_cpu.so)
frame #3: <unknown function> + 0x677fa95 (0x7f63c4379a95 in /opt/ac2/lib/python3.12/site-packages/torch/lib/libtorch_cpu.so)
frame #4: c10d::TCPStore::doWait(c10::ArrayRef<std::__cxx11::basic_string<char, std::char_traits<char>, std::allocator<char> > >, std::chrono::duration<long, std::ratio<1l, 1000l> >) + 0x1e1 (0x7f63c4373ee1 in /opt/ac2/lib/python3.12/site-packages/torch/lib/libtorch_cpu.so)
frame #5: c10d::TCPStore::doGet(std::__cxx11::basic_string<char, std::char_traits<char>, std::allocator<char> > const&) + 0x47 (0x7f63c4375a27 in /opt/ac2/lib/python3.12/site-packages/torch/lib/libtorch_cpu.so)
frame #6: c10d::TCPStore::get(std::__cxx11::basic_string<char, std::char_traits<char>, std::allocator<char> > const&) + 0x11c (0x7f63c4376ccc in /opt/ac2/lib/python3.12/site-packages/torch/lib/libtorch_cpu.so)
frame #7: c10d::PrefixStore::get(std::__cxx11::basic_string<char, std::char_traits<char>, std::allocator<char> > const&) + 0x44 (0x7f63c43068e4 in /opt/ac2/lib/python3.12/site-packages/torch/lib/libtorch_cpu.so)
frame #8: c10d::PrefixStore::get(std::__cxx11::basic_string<char, std::char_traits<char>, std::allocator<char> > const&) + 0x44 (0x7f63c43068e4 in /opt/ac2/lib/python3.12/site-packages/torch/lib/libtorch_cpu.so)
frame #9: c10d::PrefixStore::get(std::__cxx11::basic_string<char, std::char_traits<char>, std::allocator<char> > const&) + 0x44 (0x7f63c43068e4 in /opt/ac2/lib/python3.12/site-packages/torch/lib/libtorch_cpu.so)
frame #10: c10d::PrefixStore::get(std::__cxx11::basic_string<char, std::char_traits<char>, std::allocator<char> > const&) + 0x44 (0x7f63c43068e4 in /opt/ac2/lib/python3.12/site-packages/torch/lib/libtorch_cpu.so)
frame #11: c10d::ProcessGroupNCCL::broadcastUniqueNCCLID(ncclUniqueId*, bool, std::__cxx11::basic_string<char, std::char_traits<char>, std::allocator<char> > const&, int) + 0x5b3 (0x7f6386d10f23 in /opt/ac2/lib/python3.12/site-packages/torch/lib/libtorch_cuda.so)
frame #12: c10d::ProcessGroupNCCL::initNCCLComm(std::__cxx11::basic_string<char, std::char_traits<char>, std::allocator<char> > const&, c10::Device&, c10d::OpType, int, bool) + 0x1c29 (0x7f6386d13b29 in /opt/ac2/lib/python3.12/site-packages/torch/lib/libtorch_cuda.so)
frame #13: c10d::ProcessGroupNCCL::broadcast(std::vector<at::Tensor, std::allocator<at::Tensor> >&, c10d::BroadcastOptions const&) + 0x14ac (0x7f6386d1d23c in /opt/ac2/lib/python3.12/site-packages/torch/lib/libtorch_cuda.so)
frame #14: <unknown function> + 0x66f9a26 (0x7f63c42f3a26 in /opt/ac2/lib/python3.12/site-packages/torch/lib/libtorch_cpu.so)
frame #15: <unknown function> + 0x670b814 (0x7f63c4305814 in /opt/ac2/lib/python3.12/site-packages/torch/lib/libtorch_cpu.so)
frame #16: <unknown function> + 0x5b3a10f (0x7f63c373410f in /opt/ac2/lib/python3.12/site-packages/torch/lib/libtorch_cpu.so)
frame #17: <unknown function> + 0x673009c (0x7f63c432a09c in /opt/ac2/lib/python3.12/site-packages/torch/lib/libtorch_cpu.so)
frame #18: <unknown function> + 0xfad288 (0x7f63d483f288 in /opt/ac2/lib/python3.12/site-packages/torch/lib/libtorch_python.so)
frame #19: <unknown function> + 0x4fb5b7 (0x7f63d3d8d5b7 in /opt/ac2/lib/python3.12/site-packages/torch/lib/libtorch_python.so)
frame #20: <unknown function> + 0x19f1d3 (0x56114659f1d3 in /opt/ac2/bin/python)
frame #21: _PyObject_MakeTpCall + 0x9f (0x561146593c2f in /opt/ac2/bin/python)
frame #22: _PyEval_EvalFrameDefault + 0x822c (0x561146507b4c in /opt/ac2/bin/python)
frame #23: PyEval_EvalCode + 0xa3 (0x561146729d43 in /opt/ac2/bin/python)
frame #24: <unknown function> + 0x32d728 (0x56114672d728 in /opt/ac2/bin/python)
frame #25: <unknown function> + 0x32d825 (0x56114672d825 in /opt/ac2/bin/python)
frame #26: <unknown function> + 0x32d933 (0x56114672d933 in /opt/ac2/bin/python)
frame #27: _PyRun_SimpleFileObject + 0x1e6 (0x561146761bb6 in /opt/ac2/bin/python)
frame #28: _PyRun_AnyFileObject + 0x40 (0x561146762350 in /opt/ac2/bin/python)
frame #29: Py_RunMain + 0xaa9 (0x561146766cd9 in /opt/ac2/bin/python)
frame #30: <unknown function> + 0x2a1ca (0x7f63d6e2a1ca in /lib/x86_64-linux-gnu/libc.so.6)
frame #31: __libc_start_main + 0x8b (0x7f63d6e2a28b in /lib/x86_64-linux-gnu/libc.so.6)
frame #32: _start + 0x25 (0x56114650bb25 in /opt/ac2/bin/python)

[rank1]: Traceback (most recent call last):
[rank1]:   File "/workspace/recsys-examples/examples/hstu/training/pretrain_gr_ranking.py", line 203, in <module>
[rank1]:     main()
[rank1]:   File "/workspace/recsys-examples/examples/hstu/training/pretrain_gr_ranking.py", line 120, in main
[rank1]:     model_train, dense_optimizer = make_optimizer_and_shard(
[rank1]:                                    ^^^^^^^^^^^^^^^^^^^^^^^^^
[rank1]:   File "/workspace/recsys-examples/examples/commons/distributed/sharding.py", line 293, in make_optimizer_and_shard
[rank1]:     model, dense_optimizer = apply_megatron_ddp(
[rank1]:                              ^^^^^^^^^^^^^^^^^^^
[rank1]:   File "/workspace/recsys-examples/examples/commons/distributed/sharding.py", line 118, in apply_megatron_ddp
[rank1]:     broadcast_params_for_non_model_parallel_embedding_modules()
[rank1]:   File "/workspace/recsys-examples/examples/commons/distributed/sharding.py", line 112, in broadcast_params_for_non_model_parallel_embedding_modules
[rank1]:     dist.broadcast(
[rank1]:   File "/opt/ac2/lib/python3.12/site-packages/torch/distributed/c10d_logger.py", line 81, in wrapper
[rank1]:     return func(*args, **kwargs)
[rank1]:            ^^^^^^^^^^^^^^^^^^^^^
[rank1]:   File "/opt/ac2/lib/python3.12/site-packages/torch/distributed/distributed_c10d.py", line 2835, in broadcast
[rank1]:     work = group.broadcast([tensor], opts)
[rank1]:            ^^^^^^^^^^^^^^^^^^^^^^^^^^^^^^^
[rank1]: torch.distributed.DistBackendError: [1] is setting up NCCL communicator and retrieving ncclUniqueId from [0] via c10d key-value store by key '0', but store->get('0') got error: Broken pipe
[rank1]: Exception raised from sendBytes at /pytorch/torch/csrc/distributed/c10d/Utils.hpp:668 (most recent call first):
[rank1]: frame #0: c10::Error::Error(c10::SourceLocation, std::__cxx11::basic_string<char, std::char_traits<char>, std::allocator<char> >) + 0x94 (0x7f638566a814 in /opt/ac2/lib/python3.12/site-packages/torch/lib/libc10.so)
[rank1]: frame #1: <unknown function> + 0x677d445 (0x7f63c4377445 in /opt/ac2/lib/python3.12/site-packages/torch/lib/libtorch_cpu.so)
[rank1]: frame #2: <unknown function> + 0x677dcc4 (0x7f63c4377cc4 in /opt/ac2/lib/python3.12/site-packages/torch/lib/libtorch_cpu.so)
[rank1]: frame #3: <unknown function> + 0x677fa95 (0x7f63c4379a95 in /opt/ac2/lib/python3.12/site-packages/torch/lib/libtorch_cpu.so)
[rank1]: frame #4: c10d::TCPStore::doWait(c10::ArrayRef<std::__cxx11::basic_string<char, std::char_traits<char>, std::allocator<char> > >, std::chrono::duration<long, std::ratio<1l, 1000l> >) + 0x1e1 (0x7f63c4373ee1 in /opt/ac2/lib/python3.12/site-packages/torch/lib/libtorch_cpu.so)
[rank1]: frame #5: c10d::TCPStore::doGet(std::__cxx11::basic_string<char, std::char_traits<char>, std::allocator<char> > const&) + 0x47 (0x7f63c4375a27 in /opt/ac2/lib/python3.12/site-packages/torch/lib/libtorch_cpu.so)
[rank1]: frame #6: c10d::TCPStore::get(std::__cxx11::basic_string<char, std::char_traits<char>, std::allocator<char> > const&) + 0x11c (0x7f63c4376ccc in /opt/ac2/lib/python3.12/site-packages/torch/lib/libtorch_cpu.so)
[rank1]: frame #7: c10d::PrefixStore::get(std::__cxx11::basic_string<char, std::char_traits<char>, std::allocator<char> > const&) + 0x44 (0x7f63c43068e4 in /opt/ac2/lib/python3.12/site-packages/torch/lib/libtorch_cpu.so)
[rank1]: frame #8: c10d::PrefixStore::get(std::__cxx11::basic_string<char, std::char_traits<char>, std::allocator<char> > const&) + 0x44 (0x7f63c43068e4 in /opt/ac2/lib/python3.12/site-packages/torch/lib/libtorch_cpu.so)
[rank1]: frame #9: c10d::PrefixStore::get(std::__cxx11::basic_string<char, std::char_traits<char>, std::allocator<char> > const&) + 0x44 (0x7f63c43068e4 in /opt/ac2/lib/python3.12/site-packages/torch/lib/libtorch_cpu.so)
[rank1]: frame #10: c10d::PrefixStore::get(std::__cxx11::basic_string<char, std::char_traits<char>, std::allocator<char> > const&) + 0x44 (0x7f63c43068e4 in /opt/ac2/lib/python3.12/site-packages/torch/lib/libtorch_cpu.so)
[rank1]: frame #11: c10d::ProcessGroupNCCL::broadcastUniqueNCCLID(ncclUniqueId*, bool, std::__cxx11::basic_string<char, std::char_traits<char>, std::allocator<char> > const&, int) + 0x5b3 (0x7f6386d10f23 in /opt/ac2/lib/python3.12/site-packages/torch/lib/libtorch_cuda.so)
[rank1]: frame #12: c10d::ProcessGroupNCCL::initNCCLComm(std::__cxx11::basic_string<char, std::char_traits<char>, std::allocator<char> > const&, c10::Device&, c10d::OpType, int, bool) + 0x1c29 (0x7f6386d13b29 in /opt/ac2/lib/python3.12/site-packages/torch/lib/libtorch_cuda.so)
[rank1]: frame #13: c10d::ProcessGroupNCCL::broadcast(std::vector<at::Tensor, std::allocator<at::Tensor> >&, c10d::BroadcastOptions const&) + 0x14ac (0x7f6386d1d23c in /opt/ac2/lib/python3.12/site-packages/torch/lib/libtorch_cuda.so)
[rank1]: frame #14: <unknown function> + 0x66f9a26 (0x7f63c42f3a26 in /opt/ac2/lib/python3.12/site-packages/torch/lib/libtorch_cpu.so)
[rank1]: frame #15: <unknown function> + 0x670b814 (0x7f63c4305814 in /opt/ac2/lib/python3.12/site-packages/torch/lib/libtorch_cpu.so)
[rank1]: frame #16: <unknown function> + 0x5b3a10f (0x7f63c373410f in /opt/ac2/lib/python3.12/site-packages/torch/lib/libtorch_cpu.so)
[rank1]: frame #17: <unknown function> + 0x673009c (0x7f63c432a09c in /opt/ac2/lib/python3.12/site-packages/torch/lib/libtorch_cpu.so)
[rank1]: frame #18: <unknown function> + 0xfad288 (0x7f63d483f288 in /opt/ac2/lib/python3.12/site-packages/torch/lib/libtorch_python.so)
[rank1]: frame #19: <unknown function> + 0x4fb5b7 (0x7f63d3d8d5b7 in /opt/ac2/lib/python3.12/site-packages/torch/lib/libtorch_python.so)
[rank1]: frame #20: <unknown function> + 0x19f1d3 (0x56114659f1d3 in /opt/ac2/bin/python)
[rank1]: frame #21: _PyObject_MakeTpCall + 0x9f (0x561146593c2f in /opt/ac2/bin/python)
[rank1]: frame #22: _PyEval_EvalFrameDefault + 0x822c (0x561146507b4c in /opt/ac2/bin/python)
[rank1]: frame #23: PyEval_EvalCode + 0xa3 (0x561146729d43 in /opt/ac2/bin/python)
[rank1]: frame #24: <unknown function> + 0x32d728 (0x56114672d728 in /opt/ac2/bin/python)
[rank1]: frame #25: <unknown function> + 0x32d825 (0x56114672d825 in /opt/ac2/bin/python)
[rank1]: frame #26: <unknown function> + 0x32d933 (0x56114672d933 in /opt/ac2/bin/python)
[rank1]: frame #27: _PyRun_SimpleFileObject + 0x1e6 (0x561146761bb6 in /opt/ac2/bin/python)
[rank1]: frame #28: _PyRun_AnyFileObject + 0x40 (0x561146762350 in /opt/ac2/bin/python)
[rank1]: frame #29: Py_RunMain + 0xaa9 (0x561146766cd9 in /opt/ac2/bin/python)
[rank1]: frame #30: <unknown function> + 0x2a1ca (0x7f63d6e2a1ca in /lib/x86_64-linux-gnu/libc.so.6)
[rank1]: frame #31: __libc_start_main + 0x8b (0x7f63d6e2a28b in /lib/x86_64-linux-gnu/libc.so.6)
[rank1]: frame #32: _start + 0x25 (0x56114650bb25 in /opt/ac2/bin/python)
[rank1]: . This may indicate a possible application crash on rank 0 or a network set up issue.
[rank3]:[W608 18:00:09.187013792 ProcessGroupNCCL.cpp:1528] Warning: WARNING: destroy_process_group() was not called before program exit, which can leak resources. For more info, please see https://pytorch.org/docs/stable/distributed.html#shutdown (function operator())
[rank2]:[W608 18:00:09.227289301 ProcessGroupNCCL.cpp:1528] Warning: WARNING: destroy_process_group() was not called before program exit, which can leak resources. For more info, please see https://pytorch.org/docs/stable/distributed.html#shutdown (function operator())
[rank1]:[W608 18:00:09.277643637 ProcessGroupNCCL.cpp:1528] Warning: WARNING: destroy_process_group() was not called before program exit, which can leak resources. For more info, please see https://pytorch.org/docs/stable/distributed.html#shutdown (function operator())
[rank2]:[W608 18:00:09.515578260 TCPStore.cpp:106] [c10d] sendBytes failed on SocketImpl(fd=10, addr=[model-performance-4ppu-7bd6d74d45-2wfsr]:40464, remote=[model-performance-4ppu-7bd6d74d45-2wfsr]:37405): Broken pipe
Exception raised from sendBytes at /pytorch/torch/csrc/distributed/c10d/Utils.hpp:668 (most recent call first):
frame #0: c10::Error::Error(c10::SourceLocation, std::__cxx11::basic_string<char, std::char_traits<char>, std::allocator<char> >) + 0x94 (0x7f3f64fe0814 in /opt/ac2/lib/python3.12/site-packages/torch/lib/libc10.so)
frame #1: <unknown function> + 0x677d445 (0x7f3fa3ced445 in /opt/ac2/lib/python3.12/site-packages/torch/lib/libtorch_cpu.so)
frame #2: <unknown function> + 0x677dcc4 (0x7f3fa3cedcc4 in /opt/ac2/lib/python3.12/site-packages/torch/lib/libtorch_cpu.so)
frame #3: <unknown function> + 0x677fa95 (0x7f3fa3cefa95 in /opt/ac2/lib/python3.12/site-packages/torch/lib/libtorch_cpu.so)
frame #4: c10d::TCPStore::check(std::vector<std::__cxx11::basic_string<char, std::char_traits<char>, std::allocator<char> >, std::allocator<std::__cxx11::basic_string<char, std::char_traits<char>, std::allocator<char> > > > const&) + 0x31e (0x7f3fa3ce9b5e in /opt/ac2/lib/python3.12/site-packages/torch/lib/libtorch_cpu.so)
frame #5: c10d::ProcessGroupNCCL::HeartbeatMonitor::runLoop() + 0x3e6 (0x7f3f6667cb76 in /opt/ac2/lib/python3.12/site-packages/torch/lib/libtorch_cuda.so)
frame #6: <unknown function> + 0xecdb4 (0x7f3fb4ef6db4 in /lib/x86_64-linux-gnu/libstdc++.so.6)
frame #7: <unknown function> + 0x9caa4 (0x7f3fb689caa4 in /lib/x86_64-linux-gnu/libc.so.6)
frame #8: <unknown function> + 0x129c6c (0x7f3fb6929c6c in /lib/x86_64-linux-gnu/libc.so.6)

[rank2]:[W608 18:00:09.519959252 ProcessGroupNCCL.cpp:1775] [PG ID 0 PG GUID 0(default_pg) Rank 2] Failed to check the "should dump" flag on TCPStore, (maybe TCPStore server has shut down too early), with error: Broken pipe
[rank1]:[W608 18:00:09.517224521 TCPStore.cpp:106] [c10d] sendBytes failed on SocketImpl(fd=10, addr=[model-performance-4ppu-7bd6d74d45-2wfsr]:40474, remote=[model-performance-4ppu-7bd6d74d45-2wfsr]:37405): Broken pipe
Exception raised from sendBytes at /pytorch/torch/csrc/distributed/c10d/Utils.hpp:668 (most recent call first):
frame #0: c10::Error::Error(c10::SourceLocation, std::__cxx11::basic_string<char, std::char_traits<char>, std::allocator<char> >) + 0x94 (0x7f638566a814 in /opt/ac2/lib/python3.12/site-packages/torch/lib/libc10.so)
frame #1: <unknown function> + 0x677d445 (0x7f63c4377445 in /opt/ac2/lib/python3.12/site-packages/torch/lib/libtorch_cpu.so)
frame #2: <unknown function> + 0x677dcc4 (0x7f63c4377cc4 in /opt/ac2/lib/python3.12/site-packages/torch/lib/libtorch_cpu.so)
frame #3: <unknown function> + 0x677fa95 (0x7f63c4379a95 in /opt/ac2/lib/python3.12/site-packages/torch/lib/libtorch_cpu.so)
frame #4: c10d::TCPStore::check(std::vector<std::__cxx11::basic_string<char, std::char_traits<char>, std::allocator<char> >, std::allocator<std::__cxx11::basic_string<char, std::char_traits<char>, std::allocator<char> > > > const&) + 0x31e (0x7f63c4373b5e in /opt/ac2/lib/python3.12/site-packages/torch/lib/libtorch_cpu.so)
frame #5: c10d::ProcessGroupNCCL::HeartbeatMonitor::runLoop() + 0x3e6 (0x7f6386d06b76 in /opt/ac2/lib/python3.12/site-packages/torch/lib/libtorch_cuda.so)
frame #6: <unknown function> + 0xecdb4 (0x7f63d5580db4 in /lib/x86_64-linux-gnu/libstdc++.so.6)
frame #7: <unknown function> + 0x9caa4 (0x7f63d6e9caa4 in /lib/x86_64-linux-gnu/libc.so.6)
frame #8: <unknown function> + 0x129c6c (0x7f63d6f29c6c in /lib/x86_64-linux-gnu/libc.so.6)

[rank3]:[W608 18:00:09.517213398 TCPStore.cpp:106] [c10d] sendBytes failed on SocketImpl(fd=10, addr=[model-performance-4ppu-7bd6d74d45-2wfsr]:40482, remote=[model-performance-4ppu-7bd6d74d45-2wfsr]:37405): Broken pipe
Exception raised from sendBytes at /pytorch/torch/csrc/distributed/c10d/Utils.hpp:668 (most recent call first):
frame #0: c10::Error::Error(c10::SourceLocation, std::__cxx11::basic_string<char, std::char_traits<char>, std::allocator<char> >) + 0x94 (0x7f60828aa814 in /opt/ac2/lib/python3.12/site-packages/torch/lib/libc10.so)
frame #1: <unknown function> + 0x677d445 (0x7f60c15b7445 in /opt/ac2/lib/python3.12/site-packages/torch/lib/libtorch_cpu.so)
frame #2: <unknown function> + 0x677dcc4 (0x7f60c15b7cc4 in /opt/ac2/lib/python3.12/site-packages/torch/lib/libtorch_cpu.so)
frame #3: <unknown function> + 0x677fa95 (0x7f60c15b9a95 in /opt/ac2/lib/python3.12/site-packages/torch/lib/libtorch_cpu.so)
frame #4: c10d::TCPStore::check(std::vector<std::__cxx11::basic_string<char, std::char_traits<char>, std::allocator<char> >, std::allocator<std::__cxx11::basic_string<char, std::char_traits<char>, std::allocator<char> > > > const&) + 0x31e (0x7f60c15b3b5e in /opt/ac2/lib/python3.12/site-packages/torch/lib/libtorch_cpu.so)
frame #5: c10d::ProcessGroupNCCL::HeartbeatMonitor::runLoop() + 0x3e6 (0x7f6083f46b76 in /opt/ac2/lib/python3.12/site-packages/torch/lib/libtorch_cuda.so)
frame #6: <unknown function> + 0xecdb4 (0x7f60d27c0db4 in /lib/x86_64-linux-gnu/libstdc++.so.6)
frame #7: <unknown function> + 0x9caa4 (0x7f60d409caa4 in /lib/x86_64-linux-gnu/libc.so.6)
frame #8: <unknown function> + 0x129c6c (0x7f60d4129c6c in /lib/x86_64-linux-gnu/libc.so.6)

[rank1]:[W608 18:00:09.520583132 ProcessGroupNCCL.cpp:1775] [PG ID 0 PG GUID 0(default_pg) Rank 1] Failed to check the "should dump" flag on TCPStore, (maybe TCPStore server has shut down too early), with error: Broken pipe
[rank3]:[W608 18:00:09.520585829 ProcessGroupNCCL.cpp:1775] [PG ID 0 PG GUID 0(default_pg) Rank 3] Failed to check the "should dump" flag on TCPStore, (maybe TCPStore server has shut down too early), with error: Broken pipe
[rank1]:[W608 18:00:10.520708525 TCPStore.cpp:106] [c10d] sendBytes failed on SocketImpl(fd=10, addr=[model-performance-4ppu-7bd6d74d45-2wfsr]:40474, remote=[model-performance-4ppu-7bd6d74d45-2wfsr]:37405): Broken pipe
Exception raised from sendBytes at /pytorch/torch/csrc/distributed/c10d/Utils.hpp:668 (most recent call first):
frame #0: c10::Error::Error(c10::SourceLocation, std::__cxx11::basic_string<char, std::char_traits<char>, std::allocator<char> >) + 0x94 (0x7f638566a814 in /opt/ac2/lib/python3.12/site-packages/torch/lib/libc10.so)
frame #1: <unknown function> + 0x677d445 (0x7f63c4377445 in /opt/ac2/lib/python3.12/site-packages/torch/lib/libtorch_cpu.so)
frame #2: <unknown function> + 0x677dcc4 (0x7f63c4377cc4 in /opt/ac2/lib/python3.12/site-packages/torch/lib/libtorch_cpu.so)
frame #3: <unknown function> + 0x677fa95 (0x7f63c4379a95 in /opt/ac2/lib/python3.12/site-packages/torch/lib/libtorch_cpu.so)
frame #4: c10d::TCPStore::check(std::vector<std::__cxx11::basic_string<char, std::char_traits<char>, std::allocator<char> >, std::allocator<std::__cxx11::basic_string<char, std::char_traits<char>, std::allocator<char> > > > const&) + 0x31e (0x7f63c4373b5e in /opt/ac2/lib/python3.12/site-packages/torch/lib/libtorch_cpu.so)
frame #5: c10d::ProcessGroupNCCL::HeartbeatMonitor::runLoop() + 0x3e6 (0x7f6386d06b76 in /opt/ac2/lib/python3.12/site-packages/torch/lib/libtorch_cuda.so)
frame #6: <unknown function> + 0xecdb4 (0x7f63d5580db4 in /lib/x86_64-linux-gnu/libstdc++.so.6)
frame #7: <unknown function> + 0x9caa4 (0x7f63d6e9caa4 in /lib/x86_64-linux-gnu/libc.so.6)
frame #8: <unknown function> + 0x129c6c (0x7f63d6f29c6c in /lib/x86_64-linux-gnu/libc.so.6)

[rank3]:[W608 18:00:10.520707645 TCPStore.cpp:106] [c10d] sendBytes failed on SocketImpl(fd=10, addr=[model-performance-4ppu-7bd6d74d45-2wfsr]:40482, remote=[model-performance-4ppu-7bd6d74d45-2wfsr]:37405): Broken pipe
Exception raised from sendBytes at /pytorch/torch/csrc/distributed/c10d/Utils.hpp:668 (most recent call first):
frame #0: c10::Error::Error(c10::SourceLocation, std::__cxx11::basic_string<char, std::char_traits<char>, std::allocator<char> >) + 0x94 (0x7f60828aa814 in /opt/ac2/lib/python3.12/site-packages/torch/lib/libc10.so)
frame #1: <unknown function> + 0x677d445 (0x7f60c15b7445 in /opt/ac2/lib/python3.12/site-packages/torch/lib/libtorch_cpu.so)
frame #2: <unknown function> + 0x677dcc4 (0x7f60c15b7cc4 in /opt/ac2/lib/python3.12/site-packages/torch/lib/libtorch_cpu.so)
frame #3: <unknown function> + 0x677fa95 (0x7f60c15b9a95 in /opt/ac2/lib/python3.12/site-packages/torch/lib/libtorch_cpu.so)
frame #4: c10d::TCPStore::check(std::vector<std::__cxx11::basic_string<char, std::char_traits<char>, std::allocator<char> >, std::allocator<std::__cxx11::basic_string<char, std::char_traits<char>, std::allocator<char> > > > const&) + 0x31e (0x7f60c15b3b5e in /opt/ac2/lib/python3.12/site-packages/torch/lib/libtorch_cpu.so)
frame #5: c10d::ProcessGroupNCCL::HeartbeatMonitor::runLoop() + 0x3e6 (0x7f6083f46b76 in /opt/ac2/lib/python3.12/site-packages/torch/lib/libtorch_cuda.so)
frame #6: <unknown function> + 0xecdb4 (0x7f60d27c0db4 in /lib/x86_64-linux-gnu/libstdc++.so.6)
frame #7: <unknown function> + 0x9caa4 (0x7f60d409caa4 in /lib/x86_64-linux-gnu/libc.so.6)
frame #8: <unknown function> + 0x129c6c (0x7f60d4129c6c in /lib/x86_64-linux-gnu/libc.so.6)

[rank2]:[W608 18:00:10.520120041 TCPStore.cpp:106] [c10d] sendBytes failed on SocketImpl(fd=10, addr=[model-performance-4ppu-7bd6d74d45-2wfsr]:40464, remote=[model-performance-4ppu-7bd6d74d45-2wfsr]:37405): Broken pipe
Exception raised from sendBytes at /pytorch/torch/csrc/distributed/c10d/Utils.hpp:668 (most recent call first):
frame #0: c10::Error::Error(c10::SourceLocation, std::__cxx11::basic_string<char, std::char_traits<char>, std::allocator<char> >) + 0x94 (0x7f3f64fe0814 in /opt/ac2/lib/python3.12/site-packages/torch/lib/libc10.so)
frame #1: <unknown function> + 0x677d445 (0x7f3fa3ced445 in /opt/ac2/lib/python3.12/site-packages/torch/lib/libtorch_cpu.so)
frame #2: <unknown function> + 0x677dcc4 (0x7f3fa3cedcc4 in /opt/ac2/lib/python3.12/site-packages/torch/lib/libtorch_cpu.so)
frame #3: <unknown function> + 0x677fa95 (0x7f3fa3cefa95 in /opt/ac2/lib/python3.12/site-packages/torch/lib/libtorch_cpu.so)
frame #4: c10d::TCPStore::check(std::vector<std::__cxx11::basic_string<char, std::char_traits<char>, std::allocator<char> >, std::allocator<std::__cxx11::basic_string<char, std::char_traits<char>, std::allocator<char> > > > const&) + 0x31e (0x7f3fa3ce9b5e in /opt/ac2/lib/python3.12/site-packages/torch/lib/libtorch_cpu.so)
frame #5: c10d::ProcessGroupNCCL::HeartbeatMonitor::runLoop() + 0x3e6 (0x7f3f6667cb76 in /opt/ac2/lib/python3.12/site-packages/torch/lib/libtorch_cuda.so)
frame #6: <unknown function> + 0xecdb4 (0x7f3fb4ef6db4 in /lib/x86_64-linux-gnu/libstdc++.so.6)
frame #7: <unknown function> + 0x9caa4 (0x7f3fb689caa4 in /lib/x86_64-linux-gnu/libc.so.6)
frame #8: <unknown function> + 0x129c6c (0x7f3fb6929c6c in /lib/x86_64-linux-gnu/libc.so.6)

[rank1]:[W608 18:00:10.524092506 ProcessGroupNCCL.cpp:1775] [PG ID 0 PG GUID 0(default_pg) Rank 1] Failed to check the "should dump" flag on TCPStore, (maybe TCPStore server has shut down too early), with error: Broken pipe
[rank3]:[W608 18:00:10.524110940 ProcessGroupNCCL.cpp:1775] [PG ID 0 PG GUID 0(default_pg) Rank 3] Failed to check the "should dump" flag on TCPStore, (maybe TCPStore server has shut down too early), with error: Broken pipe
[rank2]:[W608 18:00:10.524117209 ProcessGroupNCCL.cpp:1775] [PG ID 0 PG GUID 0(default_pg) Rank 2] Failed to check the "should dump" flag on TCPStore, (maybe TCPStore server has shut down too early), with error: Broken pipe
[rank1]:[W608 18:00:11.524220402 TCPStore.cpp:106] [c10d] sendBytes failed on SocketImpl(fd=10, addr=[model-performance-4ppu-7bd6d74d45-2wfsr]:40474, remote=[model-performance-4ppu-7bd6d74d45-2wfsr]:37405): Broken pipe
Exception raised from sendBytes at /pytorch/torch/csrc/distributed/c10d/Utils.hpp:668 (most recent call first):
frame #0: c10::Error::Error(c10::SourceLocation, std::__cxx11::basic_string<char, std::char_traits<char>, std::allocator<char> >) + 0x94 (0x7f638566a814 in /opt/ac2/lib/python3.12/site-packages/torch/lib/libc10.so)
frame #1: <unknown function> + 0x677d445 (0x7f63c4377445 in /opt/ac2/lib/python3.12/site-packages/torch/lib/libtorch_cpu.so)
frame #2: <unknown function> + 0x677dcc4 (0x7f63c4377cc4 in /opt/ac2/lib/python3.12/site-packages/torch/lib/libtorch_cpu.so)
frame #3: <unknown function> + 0x677fa95 (0x7f63c4379a95 in /opt/ac2/lib/python3.12/site-packages/torch/lib/libtorch_cpu.so)
frame #4: c10d::TCPStore::check(std::vector<std::__cxx11::basic_string<char, std::char_traits<char>, std::allocator<char> >, std::allocator<std::__cxx11::basic_string<char, std::char_traits<char>, std::allocator<char> > > > const&) + 0x31e (0x7f63c4373b5e in /opt/ac2/lib/python3.12/site-packages/torch/lib/libtorch_cpu.so)
frame #5: c10d::ProcessGroupNCCL::HeartbeatMonitor::runLoop() + 0x3e6 (0x7f6386d06b76 in /opt/ac2/lib/python3.12/site-packages/torch/lib/libtorch_cuda.so)
frame #6: <unknown function> + 0xecdb4 (0x7f63d5580db4 in /lib/x86_64-linux-gnu/libstdc++.so.6)
frame #7: <unknown function> + 0x9caa4 (0x7f63d6e9caa4 in /lib/x86_64-linux-gnu/libc.so.6)
frame #8: <unknown function> + 0x129c6c (0x7f63d6f29c6c in /lib/x86_64-linux-gnu/libc.so.6)

[rank3]:[W608 18:00:11.524228250 TCPStore.cpp:106] [c10d] sendBytes failed on SocketImpl(fd=10, addr=[model-performance-4ppu-7bd6d74d45-2wfsr]:40482, remote=[model-performance-4ppu-7bd6d74d45-2wfsr]:37405): Broken pipe
Exception raised from sendBytes at /pytorch/torch/csrc/distributed/c10d/Utils.hpp:668 (most recent call first):
frame #0: c10::Error::Error(c10::SourceLocation, std::__cxx11::basic_string<char, std::char_traits<char>, std::allocator<char> >) + 0x94 (0x7f60828aa814 in /opt/ac2/lib/python3.12/site-packages/torch/lib/libc10.so)
frame #1: <unknown function> + 0x677d445 (0x7f60c15b7445 in /opt/ac2/lib/python3.12/site-packages/torch/lib/libtorch_cpu.so)
frame #2: <unknown function> + 0x677dcc4 (0x7f60c15b7cc4 in /opt/ac2/lib/python3.12/site-packages/torch/lib/libtorch_cpu.so)
frame #3: <unknown function> + 0x677fa95 (0x7f60c15b9a95 in /opt/ac2/lib/python3.12/site-packages/torch/lib/libtorch_cpu.so)
frame #4: c10d::TCPStore::check(std::vector<std::__cxx11::basic_string<char, std::char_traits<char>, std::allocator<char> >, std::allocator<std::__cxx11::basic_string<char, std::char_traits<char>, std::allocator<char> > > > const&) + 0x31e (0x7f60c15b3b5e in /opt/ac2/lib/python3.12/site-packages/torch/lib/libtorch_cpu.so)
frame #5: c10d::ProcessGroupNCCL::HeartbeatMonitor::runLoop() + 0x3e6 (0x7f6083f46b76 in /opt/ac2/lib/python3.12/site-packages/torch/lib/libtorch_cuda.so)
frame #6: <unknown function> + 0xecdb4 (0x7f60d27c0db4 in /lib/x86_64-linux-gnu/libstdc++.so.6)
frame #7: <unknown function> + 0x9caa4 (0x7f60d409caa4 in /lib/x86_64-linux-gnu/libc.so.6)
frame #8: <unknown function> + 0x129c6c (0x7f60d4129c6c in /lib/x86_64-linux-gnu/libc.so.6)

[rank2]:[W608 18:00:11.524238190 TCPStore.cpp:106] [c10d] sendBytes failed on SocketImpl(fd=10, addr=[model-performance-4ppu-7bd6d74d45-2wfsr]:40464, remote=[model-performance-4ppu-7bd6d74d45-2wfsr]:37405): Broken pipe
Exception raised from sendBytes at /pytorch/torch/csrc/distributed/c10d/Utils.hpp:668 (most recent call first):
frame #0: c10::Error::Error(c10::SourceLocation, std::__cxx11::basic_string<char, std::char_traits<char>, std::allocator<char> >) + 0x94 (0x7f3f64fe0814 in /opt/ac2/lib/python3.12/site-packages/torch/lib/libc10.so)
frame #1: <unknown function> + 0x677d445 (0x7f3fa3ced445 in /opt/ac2/lib/python3.12/site-packages/torch/lib/libtorch_cpu.so)
frame #2: <unknown function> + 0x677dcc4 (0x7f3fa3cedcc4 in /opt/ac2/lib/python3.12/site-packages/torch/lib/libtorch_cpu.so)
frame #3: <unknown function> + 0x677fa95 (0x7f3fa3cefa95 in /opt/ac2/lib/python3.12/site-packages/torch/lib/libtorch_cpu.so)
frame #4: c10d::TCPStore::check(std::vector<std::__cxx11::basic_string<char, std::char_traits<char>, std::allocator<char> >, std::allocator<std::__cxx11::basic_string<char, std::char_traits<char>, std::allocator<char> > > > const&) + 0x31e (0x7f3fa3ce9b5e in /opt/ac2/lib/python3.12/site-packages/torch/lib/libtorch_cpu.so)
frame #5: c10d::ProcessGroupNCCL::HeartbeatMonitor::runLoop() + 0x3e6 (0x7f3f6667cb76 in /opt/ac2/lib/python3.12/site-packages/torch/lib/libtorch_cuda.so)
frame #6: <unknown function> + 0xecdb4 (0x7f3fb4ef6db4 in /lib/x86_64-linux-gnu/libstdc++.so.6)
frame #7: <unknown function> + 0x9caa4 (0x7f3fb689caa4 in /lib/x86_64-linux-gnu/libc.so.6)
frame #8: <unknown function> + 0x129c6c (0x7f3fb6929c6c in /lib/x86_64-linux-gnu/libc.so.6)

[rank1]:[W608 18:00:11.527574599 ProcessGroupNCCL.cpp:1775] [PG ID 0 PG GUID 0(default_pg) Rank 1] Failed to check the "should dump" flag on TCPStore, (maybe TCPStore server has shut down too early), with error: Broken pipe
[rank3]:[W608 18:00:11.527577639 ProcessGroupNCCL.cpp:1775] [PG ID 0 PG GUID 0(default_pg) Rank 3] Failed to check the "should dump" flag on TCPStore, (maybe TCPStore server has shut down too early), with error: Broken pipe
[rank2]:[W608 18:00:11.527584697 ProcessGroupNCCL.cpp:1775] [PG ID 0 PG GUID 0(default_pg) Rank 2] Failed to check the "should dump" flag on TCPStore, (maybe TCPStore server has shut down too early), with error: Broken pipe
